id_anonimo_emp;anio;ciiu;descciiu;sector;ubigeo;departamento;provincia;distrito;tamanio_emp;valor_estimado_minimo_venta;valor_estimado_maximo_venta;exporta;valor_estimado_minimo_fob_dolar;valor_estimado_maximo_fob_dolar;fec_creacion
75115C6CA19EB6B9D13AA9D4DC73042E;2023;1551;"DESTILACION, RECTIFICACION Y MEZCLA DE BEBIDAS ALCOHOLICAS; PRODUCCION DE ALCOHOL ETILICO A PARTIR DE SUSTANCIAS FERMENTADAS";MANUFACTURA;110210;ICA;CHINCHA;SUNAMPE;MICRO;0;742500;NO;0;0;20241231
ABCE67C92026E30AA1A4F15EFE57718C;2023;1543;ELABORACION DE CACAO Y CHOCOLATE Y DE PRODUCTOS DE CONFITERIA;MANUFACTURA;110101;ICA;ICA;ICA;MICRO;0;742500;NO;0;0;20241231
DEDB9AEB82982C9E7E480595378048AE;2023;1552;ELABORACION DE VINOS;MANUFACTURA;110210;ICA;CHINCHA;SUNAMPE;MICRO;0;742500;NO;0;0;20241231
DAD969E2FF02645109061FACE1A55461;2023;1549;ELABORACION DE OTROS PRODUCTOS ALIMENTICIOS NCP;MANUFACTURA;110206;ICA;CHINCHA;GROCIO PRADO;MICRO;0;742500;NO;0;0;20241231
EB5AEE4C756E22811DA8C7A86AD14F49;2023;1552;ELABORACION DE VINOS;MANUFACTURA;110206;ICA;CHINCHA;GROCIO PRADO;MICRO;0;742500;NO;0;0;20241231
1F2F24D0AA789C3EC7EF01ECA82376F4;2023;1552;ELABORACION DE VINOS;MANUFACTURA;110107;ICA;ICA;PUEBLO NUEVO;MICRO;0;742500;NO;0;0;20241231
F88124B1680E598EF6EF302C8686B86C;2023;1552;ELABORACION DE VINOS;MANUFACTURA;110103;ICA;ICA;LOS AQUIJES;MICRO;0;742500;NO;0;0;20241231
F819080D879CEF58CEA828425263E91E;2023;1552;ELABORACION DE VINOS;MANUFACTURA;110206;ICA;CHINCHA;GROCIO PRADO;MICRO;0;742500;NO;0;0;20241231
91EA42817B4B35B7061742E8D3C91F40;2023;1552;ELABORACION DE VINOS;MANUFACTURA;110206;ICA;CHINCHA;GROCIO PRADO;MICRO;0;742500;NO;0;0;20241231
6FCED9659B04C772A36BF49E8CEA7723;2023;1549;ELABORACION DE OTROS PRODUCTOS ALIMENTICIOS NCP;MANUFACTURA;110508;ICA;PISCO;TUPAC AMARU INCA;MICRO;0;742500;NO;0;0;20241231
97247E68932F27F4F37BE5B598D6957D;2023;1549;ELABORACION DE OTROS PRODUCTOS ALIMENTICIOS NCP;MANUFACTURA;110207;ICA;CHINCHA;PUEBLO NUEVO;MICRO;0;742500;NO;0;0;20241231
F811D6B98A4874D7849E64CDE9AA7C21;2023;1549;ELABORACION DE OTROS PRODUCTOS ALIMENTICIOS NCP;MANUFACTURA;110101;ICA;ICA;ICA;MICRO;0;742500;NO;0;0;20241231
2D29DD7AF74D181E4E15FDBB4C229595;2023;1533;ELABORACION DE ALIMENTOS PREPARADOS PARA ANIMALES;MANUFACTURA;110305;ICA;NAZCA;VISTA ALEGRE;MICRO;0;742500;NO;0;0;20241231
2BA20421E394943BC44FC63705261345;2023;1549;ELABORACION DE OTROS PRODUCTOS ALIMENTICIOS NCP;MANUFACTURA;110101;ICA;ICA;ICA;MICRO;0;742500;NO;0;0;20241231
8E940A55155F1F98CB2BAD5CB70E12F8;2023;1552;ELABORACION DE VINOS;MANUFACTURA;110104;ICA;ICA;OCUCAJE;MICRO;0;742500;NO;0;0;20241231
2687F0852DC6E1DCD499745C278B999A;2023;1551;"DESTILACION, RECTIFICACION Y MEZCLA DE BEBIDAS ALCOHOLICAS; PRODUCCION DE ALCOHOL ETILICO A PARTIR DE SUSTANCIAS FERMENTADAS";MANUFACTURA;110110;ICA;ICA;SAN JUAN BAUTISTA;MICRO;0;742500;NO;0;0;20241231
4C40727CAA87C4D8E9FB13A255FE163B;2023;1520;ELABORACION DE PRODUCTOS LACTEOS;MANUFACTURA;110101;ICA;ICA;ICA;MICRO;0;742500;NO;0;0;20241231
4A99DC819DF5FF6CC609241056FECFF0;2023;1552;ELABORACION DE VINOS;MANUFACTURA;110103;ICA;ICA;LOS AQUIJES;MICRO;0;742500;NO;0;0;20241231
EA504DB5C1BBBC089935D849C7D4C00C;2023;1552;ELABORACION DE VINOS;MANUFACTURA;110110;ICA;ICA;SAN JUAN BAUTISTA;MICRO;0;742500;NO;0;0;20241231
F3960DBF3B5419ED132AE07B1E85F60C;2023;1543;ELABORACION DE CACAO Y CHOCOLATE Y DE PRODUCTOS DE CONFITERIA;MANUFACTURA;110101;ICA;ICA;ICA;MICRO;0;742500;NO;0;0;20241231
006C3DA4F58F08D178D57ED7AA09E512;2023;1549;ELABORACION DE OTROS PRODUCTOS ALIMENTICIOS NCP;MANUFACTURA;110112;ICA;ICA;SUBTANJALLA;MICRO;0;742500;NO;0;0;20241231
6D54B39B7B68510EAFE4DE9FA253C2B8;2023;1551;"DESTILACION, RECTIFICACION Y MEZCLA DE BEBIDAS ALCOHOLICAS; PRODUCCION DE ALCOHOL ETILICO A PARTIR DE SUSTANCIAS FERMENTADAS";MANUFACTURA;110110;ICA;ICA;SAN JUAN BAUTISTA;MICRO;0;742500;NO;0;0;20241231
C9CAF20AAEED05BF707D8346B90ECFE9;2023;1552;ELABORACION DE VINOS;MANUFACTURA;110103;ICA;ICA;LOS AQUIJES;MICRO;0;742500;NO;0;0;20241231
23141D8D1DA02C64F606BF93427A134F;2023;1551;"DESTILACION, RECTIFICACION Y MEZCLA DE BEBIDAS ALCOHOLICAS; PRODUCCION DE ALCOHOL ETILICO A PARTIR DE SUSTANCIAS FERMENTADAS";MANUFACTURA;110112;ICA;ICA;SUBTANJALLA;MICRO;0;742500;NO;0;0;20241231
2852928956427EEA3FBCB7EF965A75DC;2023;1549;ELABORACION DE OTROS PRODUCTOS ALIMENTICIOS NCP;MANUFACTURA;110101;ICA;ICA;ICA;MICRO;0;742500;NO;0;0;20241231
765AA7E7E453C490B928C22087A5614C;2023;1543;ELABORACION DE CACAO Y CHOCOLATE Y DE PRODUCTOS DE CONFITERIA;MANUFACTURA;110101;ICA;ICA;ICA;MICRO;0;742500;NO;0;0;20241231
8447AE19C75B99B288B4CBC56EEA0B6A;2023;1551;"DESTILACION, RECTIFICACION Y MEZCLA DE BEBIDAS ALCOHOLICAS; PRODUCCION DE ALCOHOL ETILICO A PARTIR DE SUSTANCIAS FERMENTADAS";MANUFACTURA;110110;ICA;ICA;SAN JUAN BAUTISTA;MICRO;0;742500;NO;0;0;20241231
2D1E4BB2FE2BF9D01B1DA5A7C6FC822A;2023;1551;"DESTILACION, RECTIFICACION Y MEZCLA DE BEBIDAS ALCOHOLICAS; PRODUCCION DE ALCOHOL ETILICO A PARTIR DE SUSTANCIAS FERMENTADAS";MANUFACTURA;110112;ICA;ICA;SUBTANJALLA;MICRO;0;742500;NO;0;0;20241231
82BCE999827248D392130009DC93550B;2023;1552;ELABORACION DE VINOS;MANUFACTURA;110101;ICA;ICA;ICA;MICRO;0;742500;NO;0;0;20241231
C4B6FE0DC347C23F8849039ECF7D3D96;2023;1543;ELABORACION DE CACAO Y CHOCOLATE Y DE PRODUCTOS DE CONFITERIA;MANUFACTURA;110101;ICA;ICA;ICA;MICRO;0;742500;NO;0;0;20241231
CDE3227C5904F26C547ED9237BF85E7E;2023;1551;"DESTILACION, RECTIFICACION Y MEZCLA DE BEBIDAS ALCOHOLICAS; PRODUCCION DE ALCOHOL ETILICO A PARTIR DE SUSTANCIAS FERMENTADAS";MANUFACTURA;110111;ICA;ICA;SANTIAGO;MICRO;0;742500;NO;0;0;20241231
DEE077864B72E167D9A91C8608FAA7FF;2023;1549;ELABORACION DE OTROS PRODUCTOS ALIMENTICIOS NCP;MANUFACTURA;110101;ICA;ICA;ICA;MICRO;0;742500;NO;0;0;20241231
3457DC714808C4E90D16FCBD970729F6;2023;1551;"DESTILACION, RECTIFICACION Y MEZCLA DE BEBIDAS ALCOHOLICAS; PRODUCCION DE ALCOHOL ETILICO A PARTIR DE SUSTANCIAS FERMENTADAS";MANUFACTURA;110112;ICA;ICA;SUBTANJALLA;MICRO;0;742500;NO;0;0;20241231
5EF76448E523BC37705627A610F5AD40;2023;1551;"DESTILACION, RECTIFICACION Y MEZCLA DE BEBIDAS ALCOHOLICAS; PRODUCCION DE ALCOHOL ETILICO A PARTIR DE SUSTANCIAS FERMENTADAS";MANUFACTURA;110101;ICA;ICA;ICA;MICRO;0;742500;NO;0;0;20241231
830C4C1157273347BD2A8A8B6F77D3FD;2023;1552;ELABORACION DE VINOS;MANUFACTURA;110101;ICA;ICA;ICA;MICRO;0;742500;NO;0;0;20241231
D565C6DEE17AE5568748F66F5328F85B;2023;1551;"DESTILACION, RECTIFICACION Y MEZCLA DE BEBIDAS ALCOHOLICAS; PRODUCCION DE ALCOHOL ETILICO A PARTIR DE SUSTANCIAS FERMENTADAS";MANUFACTURA;110103;ICA;ICA;LOS AQUIJES;MICRO;0;742500;NO;0;0;20241231
AAB3B498C28CF34145785A8C5470932F;2023;1552;ELABORACION DE VINOS;MANUFACTURA;110103;ICA;ICA;LOS AQUIJES;MICRO;0;742500;NO;0;0;20241231
FB64AA5C539E64A226177916485584B2;2023;1552;ELABORACION DE VINOS;MANUFACTURA;110103;ICA;ICA;LOS AQUIJES;MICRO;0;742500;NO;0;0;20241231
88B542F212955AAFC269568617C9000A;2023;1551;"DESTILACION, RECTIFICACION Y MEZCLA DE BEBIDAS ALCOHOLICAS; PRODUCCION DE ALCOHOL ETILICO A PARTIR DE SUSTANCIAS FERMENTADAS";MANUFACTURA;110103;ICA;ICA;LOS AQUIJES;MICRO;0;742500;NO;0;0;20241231
C61F0293553BD7BF4D2D8E5E788E5839;2023;1551;"DESTILACION, RECTIFICACION Y MEZCLA DE BEBIDAS ALCOHOLICAS; PRODUCCION DE ALCOHOL ETILICO A PARTIR DE SUSTANCIAS FERMENTADAS";MANUFACTURA;110103;ICA;ICA;LOS AQUIJES;MICRO;0;742500;NO;0;0;20241231
DED67712C07337AAC8CD48EBC0B77C3B;2023;1551;"DESTILACION, RECTIFICACION Y MEZCLA DE BEBIDAS ALCOHOLICAS; PRODUCCION DE ALCOHOL ETILICO A PARTIR DE SUSTANCIAS FERMENTADAS";MANUFACTURA;110101;ICA;ICA;ICA;MICRO;0;742500;NO;0;0;20241231
3DC0C9B82D9A622CD9FD52447656B373;2023;1552;ELABORACION DE VINOS;MANUFACTURA;110103;ICA;ICA;LOS AQUIJES;MICRO;0;742500;NO;0;0;20241231
75F9E9ECD0C81BC52DD12495BA70F812;2023;1552;ELABORACION DE VINOS;MANUFACTURA;110103;ICA;ICA;LOS AQUIJES;MICRO;0;742500;NO;0;0;20241231
67468744FAFAE56C98F0EB72FEAECE2F;2023;1552;ELABORACION DE VINOS;MANUFACTURA;110103;ICA;ICA;LOS AQUIJES;MICRO;0;742500;NO;0;0;20241231
7CAB205E1B58602B2F54F9DF20E36050;2023;1551;"DESTILACION, RECTIFICACION Y MEZCLA DE BEBIDAS ALCOHOLICAS; PRODUCCION DE ALCOHOL ETILICO A PARTIR DE SUSTANCIAS FERMENTADAS";MANUFACTURA;110103;ICA;ICA;LOS AQUIJES;MICRO;0;742500;NO;0;0;20241231
3462AEBC34D52AE7FA5D40EB60CA1D6F;2023;1552;ELABORACION DE VINOS;MANUFACTURA;110103;ICA;ICA;LOS AQUIJES;MICRO;0;742500;NO;0;0;20241231
3183E67C3B596A5BC3695B44C5A0BFB0;2023;1551;"DESTILACION, RECTIFICACION Y MEZCLA DE BEBIDAS ALCOHOLICAS; PRODUCCION DE ALCOHOL ETILICO A PARTIR DE SUSTANCIAS FERMENTADAS";MANUFACTURA;110107;ICA;ICA;PUEBLO NUEVO;MICRO;0;742500;NO;0;0;20241231
2DA7AE9105EF3DA3C273A935004A7A49;2023;1551;"DESTILACION, RECTIFICACION Y MEZCLA DE BEBIDAS ALCOHOLICAS; PRODUCCION DE ALCOHOL ETILICO A PARTIR DE SUSTANCIAS FERMENTADAS";MANUFACTURA;110107;ICA;ICA;PUEBLO NUEVO;MICRO;0;742500;NO;0;0;20241231
78FECD58085AAD6F7880A120969AFCB1;2023;1551;"DESTILACION, RECTIFICACION Y MEZCLA DE BEBIDAS ALCOHOLICAS; PRODUCCION DE ALCOHOL ETILICO A PARTIR DE SUSTANCIAS FERMENTADAS";MANUFACTURA;110107;ICA;ICA;PUEBLO NUEVO;MICRO;0;742500;NO;0;0;20241231
2BB63D0D61F9BC7D788C045D3533FF31;2023;1552;ELABORACION DE VINOS;MANUFACTURA;110107;ICA;ICA;PUEBLO NUEVO;MICRO;0;742500;NO;0;0;20241231
019D13DCA155A070BF20C833B208BE99;2023;1551;"DESTILACION, RECTIFICACION Y MEZCLA DE BEBIDAS ALCOHOLICAS; PRODUCCION DE ALCOHOL ETILICO A PARTIR DE SUSTANCIAS FERMENTADAS";MANUFACTURA;110108;ICA;ICA;SALAS;MICRO;0;742500;NO;0;0;20241231
455E0866C22C6A55160559489BC6E920;2023;1551;"DESTILACION, RECTIFICACION Y MEZCLA DE BEBIDAS ALCOHOLICAS; PRODUCCION DE ALCOHOL ETILICO A PARTIR DE SUSTANCIAS FERMENTADAS";MANUFACTURA;110108;ICA;ICA;SALAS;MICRO;0;742500;NO;0;0;20241231
EA2DF2321A88D417B0BB062647D103A3;2023;1551;"DESTILACION, RECTIFICACION Y MEZCLA DE BEBIDAS ALCOHOLICAS; PRODUCCION DE ALCOHOL ETILICO A PARTIR DE SUSTANCIAS FERMENTADAS";MANUFACTURA;110108;ICA;ICA;SALAS;MICRO;0;742500;NO;0;0;20241231
F29806833746C209208A14E5FEBE3AE6;2023;1551;"DESTILACION, RECTIFICACION Y MEZCLA DE BEBIDAS ALCOHOLICAS; PRODUCCION DE ALCOHOL ETILICO A PARTIR DE SUSTANCIAS FERMENTADAS";MANUFACTURA;110108;ICA;ICA;SALAS;MICRO;0;742500;NO;0;0;20241231
13D7ADBD466C43B2E487C8CC16E3EC15;2023;1549;ELABORACION DE OTROS PRODUCTOS ALIMENTICIOS NCP;MANUFACTURA;110110;ICA;ICA;SAN JUAN BAUTISTA;MICRO;0;742500;NO;0;0;20241231
933C6D803B7A43569ADAF6844E50356C;2023;1552;ELABORACION DE VINOS;MANUFACTURA;110110;ICA;ICA;SAN JUAN BAUTISTA;MICRO;0;742500;NO;0;0;20241231
DA0ADE9A8AD3A907131DE750215F6277;2023;1551;"DESTILACION, RECTIFICACION Y MEZCLA DE BEBIDAS ALCOHOLICAS; PRODUCCION DE ALCOHOL ETILICO A PARTIR DE SUSTANCIAS FERMENTADAS";MANUFACTURA;110110;ICA;ICA;SAN JUAN BAUTISTA;MICRO;0;742500;NO;0;0;20241231
CBBA2AB38A795FBCE8BED1B003708557;2023;1551;"DESTILACION, RECTIFICACION Y MEZCLA DE BEBIDAS ALCOHOLICAS; PRODUCCION DE ALCOHOL ETILICO A PARTIR DE SUSTANCIAS FERMENTADAS";MANUFACTURA;110101;ICA;ICA;ICA;MICRO;0;742500;NO;0;0;20241231
B02BE90F7B05CE0918BF0CFC9B74AADE;2023;1543;ELABORACION DE CACAO Y CHOCOLATE Y DE PRODUCTOS DE CONFITERIA;MANUFACTURA;110104;ICA;ICA;OCUCAJE;MICRO;0;742500;NO;0;0;20241231
C0C8138E53538E61967FFFDB57D7D4FA;2023;1551;"DESTILACION, RECTIFICACION Y MEZCLA DE BEBIDAS ALCOHOLICAS; PRODUCCION DE ALCOHOL ETILICO A PARTIR DE SUSTANCIAS FERMENTADAS";MANUFACTURA;110108;ICA;ICA;SALAS;MICRO;0;742500;NO;0;0;20241231
AFA5FEF9BB778192F2805633565A58E0;2023;1551;"DESTILACION, RECTIFICACION Y MEZCLA DE BEBIDAS ALCOHOLICAS; PRODUCCION DE ALCOHOL ETILICO A PARTIR DE SUSTANCIAS FERMENTADAS";MANUFACTURA;110108;ICA;ICA;SALAS;MICRO;0;742500;NO;0;0;20241231
CB7D21C18FEEDF69B546D0FA9FAD1188;2023;1552;ELABORACION DE VINOS;MANUFACTURA;110101;ICA;ICA;ICA;MICRO;0;742500;NO;0;0;20241231
46758FE270DF854C65BDB1D1581FD1AD;2023;1549;ELABORACION DE OTROS PRODUCTOS ALIMENTICIOS NCP;MANUFACTURA;110101;ICA;ICA;ICA;MICRO;0;742500;NO;0;0;20241231
8665C128EBA83CB96616A2BE936524D0;2023;1549;ELABORACION DE OTROS PRODUCTOS ALIMENTICIOS NCP;MANUFACTURA;110101;ICA;ICA;ICA;MICRO;0;742500;NO;0;0;20241231
694809A501B07B8A556008269CD51DA2;2023;1551;"DESTILACION, RECTIFICACION Y MEZCLA DE BEBIDAS ALCOHOLICAS; PRODUCCION DE ALCOHOL ETILICO A PARTIR DE SUSTANCIAS FERMENTADAS";MANUFACTURA;110103;ICA;ICA;LOS AQUIJES;MICRO;0;742500;NO;0;0;20241231
C0FDEBD12712DEEFD249A5EDB5FD239C;2023;1551;"DESTILACION, RECTIFICACION Y MEZCLA DE BEBIDAS ALCOHOLICAS; PRODUCCION DE ALCOHOL ETILICO A PARTIR DE SUSTANCIAS FERMENTADAS";MANUFACTURA;110101;ICA;ICA;ICA;MICRO;0;742500;NO;0;0;20241231
FC5A54D33087FD8351E9CB75F4A38448;2023;1543;ELABORACION DE CACAO Y CHOCOLATE Y DE PRODUCTOS DE CONFITERIA;MANUFACTURA;110102;ICA;ICA;LA TINGUInA;MICRO;0;742500;NO;0;0;20241231
8906EEAA52CA7065F1FF4B82A2D79F77;2023;1552;ELABORACION DE VINOS;MANUFACTURA;110108;ICA;ICA;SALAS;MICRO;0;742500;NO;0;0;20241231
E47E65FB15F6DD7C327283B1B55E6628;2023;1551;"DESTILACION, RECTIFICACION Y MEZCLA DE BEBIDAS ALCOHOLICAS; PRODUCCION DE ALCOHOL ETILICO A PARTIR DE SUSTANCIAS FERMENTADAS";MANUFACTURA;110112;ICA;ICA;SUBTANJALLA;MICRO;0;742500;NO;0;0;20241231
C7CC6B3994E2BFE10A5A417A76E90367;2023;1513;ELABORACION Y CONSERVACION DE FRUTAS, LEGUMBRES Y HORTALIZAS;MANUFACTURA;110101;ICA;ICA;ICA;MICRO;0;742500;NO;0;0;20241231
CB35A594176BCD3B4A464200BC7AC7B4;2023;1551;"DESTILACION, RECTIFICACION Y MEZCLA DE BEBIDAS ALCOHOLICAS; PRODUCCION DE ALCOHOL ETILICO A PARTIR DE SUSTANCIAS FERMENTADAS";MANUFACTURA;110101;ICA;ICA;ICA;MICRO;0;742500;NO;0;0;20241231
5AB9B552AFEBF14C47DE157CAAE9DA4C;2023;1513;ELABORACION Y CONSERVACION DE FRUTAS, LEGUMBRES Y HORTALIZAS;MANUFACTURA;110101;ICA;ICA;ICA;MICRO;0;742500;NO;0;0;20241231
9816C9C2FC5987D87D5D7A58D8591105;2023;1551;"DESTILACION, RECTIFICACION Y MEZCLA DE BEBIDAS ALCOHOLICAS; PRODUCCION DE ALCOHOL ETILICO A PARTIR DE SUSTANCIAS FERMENTADAS";MANUFACTURA;110103;ICA;ICA;LOS AQUIJES;MICRO;0;742500;NO;0;0;20241231
00CF6DA4EBA8676585FA733517BEDCE6;2023;1552;ELABORACION DE VINOS;MANUFACTURA;110103;ICA;ICA;LOS AQUIJES;MICRO;0;742500;NO;0;0;20241231
544EDB428048E5E9E248752B3A32B9A4;2023;1543;ELABORACION DE CACAO Y CHOCOLATE Y DE PRODUCTOS DE CONFITERIA;MANUFACTURA;110105;ICA;ICA;PACHACUTEC;MICRO;0;742500;NO;0;0;20241231
5EAE75F2FEBDD795AF735DA867262B24;2023;1551;"DESTILACION, RECTIFICACION Y MEZCLA DE BEBIDAS ALCOHOLICAS; PRODUCCION DE ALCOHOL ETILICO A PARTIR DE SUSTANCIAS FERMENTADAS";MANUFACTURA;110101;ICA;ICA;ICA;MICRO;0;742500;NO;0;0;20241231
D3C36369E1FD452B195AB234C471BD44;2023;1520;ELABORACION DE PRODUCTOS LACTEOS;MANUFACTURA;110111;ICA;ICA;SANTIAGO;MICRO;0;742500;NO;0;0;20241231
81E532509D85AE9BC5B5AA7DAA6F4BC3;2023;1551;"DESTILACION, RECTIFICACION Y MEZCLA DE BEBIDAS ALCOHOLICAS; PRODUCCION DE ALCOHOL ETILICO A PARTIR DE SUSTANCIAS FERMENTADAS";MANUFACTURA;110108;ICA;ICA;SALAS;MICRO;0;742500;NO;0;0;20241231
F595928107F956D0CFB745B4AFB41C52;2023;1543;ELABORACION DE CACAO Y CHOCOLATE Y DE PRODUCTOS DE CONFITERIA;MANUFACTURA;110101;ICA;ICA;ICA;MICRO;0;742500;NO;0;0;20241231
FF54C33308165B98B9E999DD2DFF65B5;2023;1551;"DESTILACION, RECTIFICACION Y MEZCLA DE BEBIDAS ALCOHOLICAS; PRODUCCION DE ALCOHOL ETILICO A PARTIR DE SUSTANCIAS FERMENTADAS";MANUFACTURA;110101;ICA;ICA;ICA;MICRO;0;742500;NO;0;0;20241231
A10BF3FF41435E5F0BF7EFD5E88200D4;2023;1551;"DESTILACION, RECTIFICACION Y MEZCLA DE BEBIDAS ALCOHOLICAS; PRODUCCION DE ALCOHOL ETILICO A PARTIR DE SUSTANCIAS FERMENTADAS";MANUFACTURA;110101;ICA;ICA;ICA;MICRO;0;742500;NO;0;0;20241231
CA3672CFF5FDE442143EF3CF171260FC;2023;1543;ELABORACION DE CACAO Y CHOCOLATE Y DE PRODUCTOS DE CONFITERIA;MANUFACTURA;110101;ICA;ICA;ICA;MICRO;0;742500;NO;0;0;20241231
CECD04C88D50ACAEA501BD5F435491D6;2023;1551;"DESTILACION, RECTIFICACION Y MEZCLA DE BEBIDAS ALCOHOLICAS; PRODUCCION DE ALCOHOL ETILICO A PARTIR DE SUSTANCIAS FERMENTADAS";MANUFACTURA;110103;ICA;ICA;LOS AQUIJES;MICRO;0;742500;NO;0;0;20241231
FE52B99517EE2EE3C7C00B500BC0A07F;2023;1543;ELABORACION DE CACAO Y CHOCOLATE Y DE PRODUCTOS DE CONFITERIA;MANUFACTURA;110101;ICA;ICA;ICA;MICRO;0;742500;NO;0;0;20241231
E0FA4D80DB79DDC0981A929B56A450B9;2023;1544;ELABORACION DE MACARRONES, FIDEOS, ALCUZCUZ Y PRODUCTOS FARINACEOS SIMILARES;MANUFACTURA;110101;ICA;ICA;ICA;MICRO;0;742500;NO;0;0;20241231
C9F43D56172D8C0A272A04D9047AEF61;2023;1551;"DESTILACION, RECTIFICACION Y MEZCLA DE BEBIDAS ALCOHOLICAS; PRODUCCION DE ALCOHOL ETILICO A PARTIR DE SUSTANCIAS FERMENTADAS";MANUFACTURA;110103;ICA;ICA;LOS AQUIJES;MICRO;0;742500;NO;0;0;20241231
B8C19D7E9D6A303E5F563226CB187EE0;2023;1554;"ELABORACION DE BEBIDAS NO ALCOHOLICAS; PRODUCCION DE AGUAS MINERALES";MANUFACTURA;110201;ICA;CHINCHA;CHINCHA ALTA;MICRO;0;742500;NO;0;0;20241231
A672A118AA39E7B0F36BD4CED8809F2E;2023;1520;ELABORACION DE PRODUCTOS LACTEOS;MANUFACTURA;110208;ICA;CHINCHA;SAN JUAN DE YANAC;MICRO;0;742500;NO;0;0;20241231
999F25E19D899CC574C015C49CF46F12;2023;1551;"DESTILACION, RECTIFICACION Y MEZCLA DE BEBIDAS ALCOHOLICAS; PRODUCCION DE ALCOHOL ETILICO A PARTIR DE SUSTANCIAS FERMENTADAS";MANUFACTURA;110210;ICA;CHINCHA;SUNAMPE;MICRO;0;742500;NO;0;0;20241231
F3653B434274FFB269FC277A783C5FD3;2023;1552;ELABORACION DE VINOS;MANUFACTURA;110210;ICA;CHINCHA;SUNAMPE;MICRO;0;742500;NO;0;0;20241231
B70FCBDB941D9DCCB9EB59D7C3F13265;2023;1551;"DESTILACION, RECTIFICACION Y MEZCLA DE BEBIDAS ALCOHOLICAS; PRODUCCION DE ALCOHOL ETILICO A PARTIR DE SUSTANCIAS FERMENTADAS";MANUFACTURA;110201;ICA;CHINCHA;CHINCHA ALTA;MICRO;0;742500;NO;0;0;20241231
04B91C0CB984815D8A4DABC7FBB32841;2023;1552;ELABORACION DE VINOS;MANUFACTURA;110206;ICA;CHINCHA;GROCIO PRADO;MICRO;0;742500;NO;0;0;20241231
34EDA3B1DAA69F66476A50A7598E00C0;2023;1552;ELABORACION DE VINOS;MANUFACTURA;110206;ICA;CHINCHA;GROCIO PRADO;MICRO;0;742500;NO;0;0;20241231
538900CE20ACED30DAD4A9C9B45B841A;2023;1552;ELABORACION DE VINOS;MANUFACTURA;110204;ICA;CHINCHA;CHINCHA BAJA;MICRO;0;742500;NO;0;0;20241231
9752FD6C7047C41C8D9FBFA5D8BC92BB;2023;1551;"DESTILACION, RECTIFICACION Y MEZCLA DE BEBIDAS ALCOHOLICAS; PRODUCCION DE ALCOHOL ETILICO A PARTIR DE SUSTANCIAS FERMENTADAS";MANUFACTURA;110205;ICA;CHINCHA;EL CARMEN;MICRO;0;742500;NO;0;0;20241231
1AE292F62E371AB73C783E2BB8384E1C;2023;1552;ELABORACION DE VINOS;MANUFACTURA;110206;ICA;CHINCHA;GROCIO PRADO;MICRO;0;742500;NO;0;0;20241231
A728382DDEF4CAF007E58145B529209A;2023;1552;ELABORACION DE VINOS;MANUFACTURA;110206;ICA;CHINCHA;GROCIO PRADO;MICRO;0;742500;NO;0;0;20241231
9773D5784E1EB0609AC87DBD0DBA9819;2023;1549;ELABORACION DE OTROS PRODUCTOS ALIMENTICIOS NCP;MANUFACTURA;110209;ICA;CHINCHA;SAN PEDRO DE HUACARPANA;MICRO;0;742500;NO;0;0;20241231
7168033B5B129E1F8197C19088F0CB2F;2023;1552;ELABORACION DE VINOS;MANUFACTURA;110210;ICA;CHINCHA;SUNAMPE;MICRO;0;742500;NO;0;0;20241231
E7A265EDDC24AAB49FC33FDAFA84A680;2023;1551;"DESTILACION, RECTIFICACION Y MEZCLA DE BEBIDAS ALCOHOLICAS; PRODUCCION DE ALCOHOL ETILICO A PARTIR DE SUSTANCIAS FERMENTADAS";MANUFACTURA;110210;ICA;CHINCHA;SUNAMPE;MICRO;0;742500;NO;0;0;20241231
088814CAF8C3AEAF14861E30F0361BB7;2023;1552;ELABORACION DE VINOS;MANUFACTURA;110210;ICA;CHINCHA;SUNAMPE;MICRO;0;742500;NO;0;0;20241231
522AF6420EAB46C0FD71021FA67A14E6;2023;1552;ELABORACION DE VINOS;MANUFACTURA;110210;ICA;CHINCHA;SUNAMPE;MICRO;0;742500;NO;0;0;20241231
8B5AECF7067498C064A17A41F2A93A82;2023;1552;ELABORACION DE VINOS;MANUFACTURA;110210;ICA;CHINCHA;SUNAMPE;MICRO;0;742500;NO;0;0;20241231
65D9C769E3BE428BC3E13D943C23411F;2023;1552;ELABORACION DE VINOS;MANUFACTURA;110210;ICA;CHINCHA;SUNAMPE;MICRO;0;742500;NO;0;0;20241231
9618FE189E1E2F5902107BB1A27216AC;2023;1552;ELABORACION DE VINOS;MANUFACTURA;110210;ICA;CHINCHA;SUNAMPE;MICRO;0;742500;NO;0;0;20241231
9398E8F8D73E806822A83FC34D936008;2023;1520;ELABORACION DE PRODUCTOS LACTEOS;MANUFACTURA;110201;ICA;CHINCHA;CHINCHA ALTA;MICRO;0;742500;NO;0;0;20241231
5A57F93DDA1772BAF4FBCF96FF9AE80F;2023;1552;ELABORACION DE VINOS;MANUFACTURA;110210;ICA;CHINCHA;SUNAMPE;MICRO;0;742500;NO;0;0;20241231
B5227A95F823356AD7ED88C16E25BEBD;2023;1552;ELABORACION DE VINOS;MANUFACTURA;110207;ICA;CHINCHA;PUEBLO NUEVO;MICRO;0;742500;NO;0;0;20241231
784DD936CEF61126288A67E4CF2301BE;2023;1520;ELABORACION DE PRODUCTOS LACTEOS;MANUFACTURA;110201;ICA;CHINCHA;CHINCHA ALTA;MICRO;0;742500;NO;0;0;20241231
59003E42AA03A8E51C2BFC7DCD85FF94;2023;1549;ELABORACION DE OTROS PRODUCTOS ALIMENTICIOS NCP;MANUFACTURA;110201;ICA;CHINCHA;CHINCHA ALTA;MICRO;0;742500;NO;0;0;20241231
72EB1B9378262E0AFF493C7463A99229;2023;1551;"DESTILACION, RECTIFICACION Y MEZCLA DE BEBIDAS ALCOHOLICAS; PRODUCCION DE ALCOHOL ETILICO A PARTIR DE SUSTANCIAS FERMENTADAS";MANUFACTURA;110206;ICA;CHINCHA;GROCIO PRADO;MICRO;0;742500;NO;0;0;20241231
BA5FE68F00D7344C08C33552E3FF76F1;2023;1543;ELABORACION DE CACAO Y CHOCOLATE Y DE PRODUCTOS DE CONFITERIA;MANUFACTURA;110505;ICA;PISCO;PARACAS;MICRO;0;742500;NO;0;0;20241231
12E4D148F1510513E7369CC67393E631;2023;1551;"DESTILACION, RECTIFICACION Y MEZCLA DE BEBIDAS ALCOHOLICAS; PRODUCCION DE ALCOHOL ETILICO A PARTIR DE SUSTANCIAS FERMENTADAS";MANUFACTURA;110303;ICA;NAZCA;EL INGENIO;MICRO;0;742500;NO;0;0;20241231
B35102477E0FCDD1216A0B1338B856FD;2023;1533;ELABORACION DE ALIMENTOS PREPARADOS PARA ANIMALES;MANUFACTURA;110301;ICA;NAZCA;NAZCA;MICRO;0;742500;NO;0;0;20241231
DDA067DA022AA9C884F8298725864123;2023;1531;ELABORACION DE PRODUCTOS DE MOLINERIA;MANUFACTURA;110305;ICA;NAZCA;VISTA ALEGRE;MICRO;0;742500;NO;0;0;20241231
98CB171D9A046F40C76705EED01E17B2;2023;1551;"DESTILACION, RECTIFICACION Y MEZCLA DE BEBIDAS ALCOHOLICAS; PRODUCCION DE ALCOHOL ETILICO A PARTIR DE SUSTANCIAS FERMENTADAS";MANUFACTURA;110103;ICA;ICA;LOS AQUIJES;MICRO;0;742500;NO;0;0;20241231
A5F1D85210DCAE990A1F9FBCE6D78E4B;2023;1531;ELABORACION DE PRODUCTOS DE MOLINERIA;MANUFACTURA;110501;ICA;PISCO;PISCO;MICRO;0;742500;NO;0;0;20241231
715944CBB414986CB28D9CFDA013FA26;2023;1520;ELABORACION DE PRODUCTOS LACTEOS;MANUFACTURA;110507;ICA;PISCO;SAN CLEMENTE;MICRO;0;742500;NO;0;0;20241231
24E4994B7E80DC64D1E44F7480C2FB32;2023;1549;ELABORACION DE OTROS PRODUCTOS ALIMENTICIOS NCP;MANUFACTURA;110501;ICA;PISCO;PISCO;MICRO;0;742500;NO;0;0;20241231
C43048EF5A56B520A68869838D157556;2023;1513;ELABORACION Y CONSERVACION DE FRUTAS, LEGUMBRES Y HORTALIZAS;MANUFACTURA;110501;ICA;PISCO;PISCO;MICRO;0;742500;NO;0;0;20241231
649FFCC42478D3C8D613181F9FAB2D6A;2023;1549;ELABORACION DE OTROS PRODUCTOS ALIMENTICIOS NCP;MANUFACTURA;110501;ICA;PISCO;PISCO;MICRO;0;742500;NO;0;0;20241231
0BE6ACEB6BEC0F6625C334A5BCB6D925;2023;1520;ELABORACION DE PRODUCTOS LACTEOS;MANUFACTURA;110506;ICA;PISCO;SAN ANDRES;MICRO;0;742500;NO;0;0;20241231
3777200F14A2002FB178000BBF8E1C2D;2023;1549;ELABORACION DE OTROS PRODUCTOS ALIMENTICIOS NCP;MANUFACTURA;110206;ICA;CHINCHA;GROCIO PRADO;MICRO;0;742500;NO;0;0;20241231
C107FA9527453B011294C40B60BCD0AE;2023;1552;ELABORACION DE VINOS;MANUFACTURA;110206;ICA;CHINCHA;GROCIO PRADO;MICRO;0;742500;NO;0;0;20241231
E8E78E938EF0E9909CBFA34918B9159C;2023;1513;ELABORACION Y CONSERVACION DE FRUTAS, LEGUMBRES Y HORTALIZAS;MANUFACTURA;110505;ICA;PISCO;PARACAS;MICRO;0;742500;NO;0;0;20241231
0811DE7E20ABFBAF8A3AABC2EB49D91E;2023;1549;ELABORACION DE OTROS PRODUCTOS ALIMENTICIOS NCP;MANUFACTURA;110506;ICA;PISCO;SAN ANDRES;MICRO;0;742500;NO;0;0;20241231
C533C839D9610C74BB2E2FDBBECFBCA5;2023;1554;"ELABORACION DE BEBIDAS NO ALCOHOLICAS; PRODUCCION DE AGUAS MINERALES";MANUFACTURA;110210;ICA;CHINCHA;SUNAMPE;MICRO;0;742500;NO;0;0;20241231
7570DA6C1DFF64E5EA1D3FB02E5B2B5C;2023;1552;ELABORACION DE VINOS;MANUFACTURA;110104;ICA;ICA;OCUCAJE;MICRO;0;742500;NO;0;0;20241231
220230E0586276923B9721B17E53187B;2023;1551;"DESTILACION, RECTIFICACION Y MEZCLA DE BEBIDAS ALCOHOLICAS; PRODUCCION DE ALCOHOL ETILICO A PARTIR DE SUSTANCIAS FERMENTADAS";MANUFACTURA;110103;ICA;ICA;LOS AQUIJES;MICRO;0;742500;NO;0;0;20241231
5D51F49E24A38DB977A24A6D4EE55EDD;2023;1552;ELABORACION DE VINOS;MANUFACTURA;110108;ICA;ICA;SALAS;MICRO;0;742500;NO;0;0;20241231
9B8B7FE3D5C93CF32864E92A936B0DC7;2023;1549;ELABORACION DE OTROS PRODUCTOS ALIMENTICIOS NCP;MANUFACTURA;110501;ICA;PISCO;PISCO;MICRO;0;742500;NO;0;0;20241231
3509A853E887DCF69ED5D803D004488C;2023;1549;ELABORACION DE OTROS PRODUCTOS ALIMENTICIOS NCP;MANUFACTURA;110206;ICA;CHINCHA;GROCIO PRADO;MICRO;0;742500;NO;0;0;20241231
F8C3C54B1221DCC29454F35624E1E187;2023;1551;"DESTILACION, RECTIFICACION Y MEZCLA DE BEBIDAS ALCOHOLICAS; PRODUCCION DE ALCOHOL ETILICO A PARTIR DE SUSTANCIAS FERMENTADAS";MANUFACTURA;110103;ICA;ICA;LOS AQUIJES;MICRO;0;742500;NO;0;0;20241231
4FEFFEE1DDDD070207A2353B70EE9E00;2023;1549;ELABORACION DE OTROS PRODUCTOS ALIMENTICIOS NCP;MANUFACTURA;110101;ICA;ICA;ICA;MICRO;0;742500;NO;0;0;20241231
99DE6493DCC52C1C2D925C2C4316C742;2023;1552;ELABORACION DE VINOS;MANUFACTURA;110210;ICA;CHINCHA;SUNAMPE;MICRO;0;742500;NO;0;0;20241231
FEC8F260A55F8C62134111BB26D09DA1;2023;1552;ELABORACION DE VINOS;MANUFACTURA;110210;ICA;CHINCHA;SUNAMPE;MICRO;0;742500;NO;0;0;20241231
D0F07987D64299F9AA1E1B28A491D965;2023;1552;ELABORACION DE VINOS;MANUFACTURA;110207;ICA;CHINCHA;PUEBLO NUEVO;MICRO;0;742500;NO;0;0;20241231
933DA93AA5C8E79EDE4760E0DE62AA8C;2023;1543;ELABORACION DE CACAO Y CHOCOLATE Y DE PRODUCTOS DE CONFITERIA;MANUFACTURA;110508;ICA;PISCO;TUPAC AMARU INCA;MICRO;0;742500;NO;0;0;20241231
BDBF312A2A0494EFAFFBABD4D24AAFD8;2023;1513;ELABORACION Y CONSERVACION DE FRUTAS, LEGUMBRES Y HORTALIZAS;MANUFACTURA;110113;ICA;ICA;TATE;MICRO;0;742500;NO;0;0;20241231
9359F3B30BE3751DA1178B3ADE3716D0;2023;1549;ELABORACION DE OTROS PRODUCTOS ALIMENTICIOS NCP;MANUFACTURA;110101;ICA;ICA;ICA;MICRO;0;742500;NO;0;0;20241231
EAE6A5227CE74844EE96A0FFD7B73057;2023;1553;ELABORACION DE BEBIDAS MALTEADAS Y DE MALTA;MANUFACTURA;110507;ICA;PISCO;SAN CLEMENTE;MICRO;0;742500;NO;0;0;20241231
50D6D9D958DE9EB459EE013996783F99;2023;1551;"DESTILACION, RECTIFICACION Y MEZCLA DE BEBIDAS ALCOHOLICAS; PRODUCCION DE ALCOHOL ETILICO A PARTIR DE SUSTANCIAS FERMENTADAS";MANUFACTURA;110103;ICA;ICA;LOS AQUIJES;MICRO;0;742500;NO;0;0;20241231
FB1040F5A28443E0721E77E0842FFA87;2023;1513;ELABORACION Y CONSERVACION DE FRUTAS, LEGUMBRES Y HORTALIZAS;MANUFACTURA;110105;ICA;ICA;PACHACUTEC;MICRO;0;742500;NO;0;0;20241231
A9FBEAD81957ABB3CE41CCF048F28400;2023;1552;ELABORACION DE VINOS;MANUFACTURA;110210;ICA;CHINCHA;SUNAMPE;MICRO;0;742500;NO;0;0;20241231
808BED96F26BA37FDF888C54F7F87E2E;2023;1549;ELABORACION DE OTROS PRODUCTOS ALIMENTICIOS NCP;MANUFACTURA;110507;ICA;PISCO;SAN CLEMENTE;MICRO;0;742500;NO;0;0;20241231
81A4F2F50E01AAC6A64B9B0967FAA943;2023;1543;ELABORACION DE CACAO Y CHOCOLATE Y DE PRODUCTOS DE CONFITERIA;MANUFACTURA;110101;ICA;ICA;ICA;MICRO;0;742500;NO;0;0;20241231
F685BB3E2F64BD8D6645C6A9388CE3D9;2023;1549;ELABORACION DE OTROS PRODUCTOS ALIMENTICIOS NCP;MANUFACTURA;110508;ICA;PISCO;TUPAC AMARU INCA;MICRO;0;742500;NO;0;0;20241231
F76CB5F01C974D6F7C38B23CC55A117F;2023;1552;ELABORACION DE VINOS;MANUFACTURA;110105;ICA;ICA;PACHACUTEC;MICRO;0;742500;NO;0;0;20241231
BA2804F9A624B6E9E49B7539BF890AFD;2023;1549;ELABORACION DE OTROS PRODUCTOS ALIMENTICIOS NCP;MANUFACTURA;110201;ICA;CHINCHA;CHINCHA ALTA;MICRO;0;742500;NO;0;0;20241231
584AA7C745CABF89E4C0CE8AF7F53E9A;2023;1551;"DESTILACION, RECTIFICACION Y MEZCLA DE BEBIDAS ALCOHOLICAS; PRODUCCION DE ALCOHOL ETILICO A PARTIR DE SUSTANCIAS FERMENTADAS";MANUFACTURA;110112;ICA;ICA;SUBTANJALLA;MICRO;0;742500;NO;0;0;20241231
4FABB29A2171A8AFB165622B518F08B0;2023;1511;PRODUCCION, PROCESAMIENTO Y CONSERVACION DE CARNE Y PRODUCTOS CARNICOS;MANUFACTURA;110207;ICA;CHINCHA;PUEBLO NUEVO;MICRO;0;742500;NO;0;0;20241231
376EB7D885BA71301A462DDC99BFC071;2023;1552;ELABORACION DE VINOS;MANUFACTURA;110207;ICA;CHINCHA;PUEBLO NUEVO;MICRO;0;742500;NO;0;0;20241231
7EEFB762CB297826EBACDD63C08BD980;2023;1552;ELABORACION DE VINOS;MANUFACTURA;110201;ICA;CHINCHA;CHINCHA ALTA;MICRO;0;742500;NO;0;0;20241231
332104FAE147BF43B6D9B991CFC12C3C;2023;1554;"ELABORACION DE BEBIDAS NO ALCOHOLICAS; PRODUCCION DE AGUAS MINERALES";MANUFACTURA;110201;ICA;CHINCHA;CHINCHA ALTA;MICRO;0;742500;NO;0;0;20241231
F02E5A2497DEA713A06A5634C9FAD1C0;2023;1533;ELABORACION DE ALIMENTOS PREPARADOS PARA ANIMALES;MANUFACTURA;110401;ICA;PALPA;PALPA;MICRO;0;742500;NO;0;0;20241231
1460E7C006E42327F170110033171A9F;2023;1551;"DESTILACION, RECTIFICACION Y MEZCLA DE BEBIDAS ALCOHOLICAS; PRODUCCION DE ALCOHOL ETILICO A PARTIR DE SUSTANCIAS FERMENTADAS";MANUFACTURA;110103;ICA;ICA;LOS AQUIJES;MICRO;0;742500;NO;0;0;20241231
13C1E9B78976E8250093DC700F88507A;2023;1554;"ELABORACION DE BEBIDAS NO ALCOHOLICAS; PRODUCCION DE AGUAS MINERALES";MANUFACTURA;110201;ICA;CHINCHA;CHINCHA ALTA;MICRO;0;742500;NO;0;0;20241231
18D98A7722CA229FF39B29E226E037FC;2023;1552;ELABORACION DE VINOS;MANUFACTURA;110210;ICA;CHINCHA;SUNAMPE;MICRO;0;742500;NO;0;0;20241231
723BF042370B0CDC83D9A7DE7935E075;2023;1511;PRODUCCION, PROCESAMIENTO Y CONSERVACION DE CARNE Y PRODUCTOS CARNICOS;MANUFACTURA;110106;ICA;ICA;PARCONA;MICRO;0;742500;NO;0;0;20241231
0EB5C051641377F5CC79E034C30AA4E6;2023;1520;ELABORACION DE PRODUCTOS LACTEOS;MANUFACTURA;110105;ICA;ICA;PACHACUTEC;MICRO;0;742500;NO;0;0;20241231
3C6284A9BD526832BA9C41DD3326F3F4;2023;1552;ELABORACION DE VINOS;MANUFACTURA;110210;ICA;CHINCHA;SUNAMPE;MICRO;0;742500;NO;0;0;20241231
F8B57C7256107FC4EB84B69A92008B03;2023;1554;"ELABORACION DE BEBIDAS NO ALCOHOLICAS; PRODUCCION DE AGUAS MINERALES";MANUFACTURA;110106;ICA;ICA;PARCONA;MICRO;0;742500;NO;0;0;20241231
5824E20E7D33A53FE490B4ACBE84BD9B;2023;1543;ELABORACION DE CACAO Y CHOCOLATE Y DE PRODUCTOS DE CONFITERIA;MANUFACTURA;110101;ICA;ICA;ICA;MICRO;0;742500;NO;0;0;20241231
0A90AA258F6B1256F50B110DB335EBF4;2023;1549;ELABORACION DE OTROS PRODUCTOS ALIMENTICIOS NCP;MANUFACTURA;110210;ICA;CHINCHA;SUNAMPE;MICRO;0;742500;NO;0;0;20241231
9E10F3E57A2D52D5C3E4E01BD13F4919;2023;1531;ELABORACION DE PRODUCTOS DE MOLINERIA;MANUFACTURA;110201;ICA;CHINCHA;CHINCHA ALTA;MICRO;0;742500;NO;0;0;20241231
4B24C1C069A9EFC7E8858F0A93F8A29F;2023;1551;"DESTILACION, RECTIFICACION Y MEZCLA DE BEBIDAS ALCOHOLICAS; PRODUCCION DE ALCOHOL ETILICO A PARTIR DE SUSTANCIAS FERMENTADAS";MANUFACTURA;110107;ICA;ICA;PUEBLO NUEVO;MICRO;0;742500;NO;0;0;20241231
5BBF7DBF300C90E65B880C3F8A167DA1;2023;1551;"DESTILACION, RECTIFICACION Y MEZCLA DE BEBIDAS ALCOHOLICAS; PRODUCCION DE ALCOHOL ETILICO A PARTIR DE SUSTANCIAS FERMENTADAS";MANUFACTURA;110108;ICA;ICA;SALAS;MICRO;0;742500;NO;0;0;20241231
C70EBF95A10C659A8051F3D11387B68A;2023;1549;ELABORACION DE OTROS PRODUCTOS ALIMENTICIOS NCP;MANUFACTURA;110201;ICA;CHINCHA;CHINCHA ALTA;MICRO;0;742500;NO;0;0;20241231
49FF237EEB242B45B0B643E6768E7D1C;2023;1543;ELABORACION DE CACAO Y CHOCOLATE Y DE PRODUCTOS DE CONFITERIA;MANUFACTURA;110502;ICA;PISCO;HUANCANO;MICRO;0;742500;NO;0;0;20241231
312CE04170F9461FE87B4A601CF1A8E2;2023;1549;ELABORACION DE OTROS PRODUCTOS ALIMENTICIOS NCP;MANUFACTURA;110101;ICA;ICA;ICA;MICRO;0;742500;NO;0;0;20241231
65F92EBACD0CFCC5BC1086685DBC8AF2;2023;1549;ELABORACION DE OTROS PRODUCTOS ALIMENTICIOS NCP;MANUFACTURA;110101;ICA;ICA;ICA;MICRO;0;742500;NO;0;0;20241231
AD27C865F192976C5676517187DA3379;2023;1549;ELABORACION DE OTROS PRODUCTOS ALIMENTICIOS NCP;MANUFACTURA;110207;ICA;CHINCHA;PUEBLO NUEVO;MICRO;0;742500;NO;0;0;20241231
B9234A909D5072FCF57A5975902408E2;2023;1551;"DESTILACION, RECTIFICACION Y MEZCLA DE BEBIDAS ALCOHOLICAS; PRODUCCION DE ALCOHOL ETILICO A PARTIR DE SUSTANCIAS FERMENTADAS";MANUFACTURA;110101;ICA;ICA;ICA;MICRO;0;742500;NO;0;0;20241231
92AB9EA8B312EB59EC1DB5FD90E2A8DB;2023;1511;PRODUCCION, PROCESAMIENTO Y CONSERVACION DE CARNE Y PRODUCTOS CARNICOS;MANUFACTURA;110106;ICA;ICA;PARCONA;MICRO;0;742500;NO;0;0;20241231
C4B68EF8B2AA3BE4B85FD652DCDDB7D6;2023;1543;ELABORACION DE CACAO Y CHOCOLATE Y DE PRODUCTOS DE CONFITERIA;MANUFACTURA;110101;ICA;ICA;ICA;MICRO;0;742500;NO;0;0;20241231
EE693FF5D5E989F5C84A754EF2D861CD;2023;1513;ELABORACION Y CONSERVACION DE FRUTAS, LEGUMBRES Y HORTALIZAS;MANUFACTURA;110103;ICA;ICA;LOS AQUIJES;MICRO;0;742500;NO;0;0;20241231
E7452C099EC2B3CA22ED820116D1BA7B;2023;1533;ELABORACION DE ALIMENTOS PREPARADOS PARA ANIMALES;MANUFACTURA;110201;ICA;CHINCHA;CHINCHA ALTA;MICRO;0;742500;NO;0;0;20241231
D0E3E37943C991D18FED94B415BA109D;2023;1513;ELABORACION Y CONSERVACION DE FRUTAS, LEGUMBRES Y HORTALIZAS;MANUFACTURA;110201;ICA;CHINCHA;CHINCHA ALTA;MICRO;0;742500;NO;0;0;20241231
474BF92DD96FDCEE714BE1AE3BA9D39C;2023;1549;ELABORACION DE OTROS PRODUCTOS ALIMENTICIOS NCP;MANUFACTURA;110201;ICA;CHINCHA;CHINCHA ALTA;MICRO;0;742500;NO;0;0;20241231
98292AF1FF040091643E7C082C0743A7;2023;1549;ELABORACION DE OTROS PRODUCTOS ALIMENTICIOS NCP;MANUFACTURA;110101;ICA;ICA;ICA;MICRO;0;742500;NO;0;0;20241231
BD8852DC02335420CA237595F13A6E7D;2023;1554;"ELABORACION DE BEBIDAS NO ALCOHOLICAS; PRODUCCION DE AGUAS MINERALES";MANUFACTURA;110106;ICA;ICA;PARCONA;MICRO;0;742500;NO;0;0;20241231
E3A3592F950E7C44DFEC0DCC06FF282E;2023;1549;ELABORACION DE OTROS PRODUCTOS ALIMENTICIOS NCP;MANUFACTURA;110501;ICA;PISCO;PISCO;MICRO;0;742500;NO;0;0;20241231
1E2DDA9732FF49623970DB82684B84D4;2023;1513;ELABORACION Y CONSERVACION DE FRUTAS, LEGUMBRES Y HORTALIZAS;MANUFACTURA;110101;ICA;ICA;ICA;MICRO;0;742500;NO;0;0;20241231
F324349BAB198AD37B49EBB4B92B8DDD;2023;1543;ELABORACION DE CACAO Y CHOCOLATE Y DE PRODUCTOS DE CONFITERIA;MANUFACTURA;110304;ICA;NAZCA;MARCONA;MICRO;0;742500;NO;0;0;20241231
7B2775112730491D7C089635D28C51D1;2023;1554;"ELABORACION DE BEBIDAS NO ALCOHOLICAS; PRODUCCION DE AGUAS MINERALES";MANUFACTURA;110101;ICA;ICA;ICA;MICRO;0;742500;NO;0;0;20241231
1F11E4020915E23382219548A45AA2FD;2023;1543;ELABORACION DE CACAO Y CHOCOLATE Y DE PRODUCTOS DE CONFITERIA;MANUFACTURA;110101;ICA;ICA;ICA;MICRO;0;742500;NO;0;0;20241231
55FC5009293E112D6A1A04B12AE74EC4;2023;1554;"ELABORACION DE BEBIDAS NO ALCOHOLICAS; PRODUCCION DE AGUAS MINERALES";MANUFACTURA;110101;ICA;ICA;ICA;MICRO;0;742500;NO;0;0;20241231
03F0F45E8C0535F9D4BD595FE9323A08;2023;1552;ELABORACION DE VINOS;MANUFACTURA;110210;ICA;CHINCHA;SUNAMPE;MICRO;0;742500;NO;0;0;20241231
4BFD01E4C47B02F748BA307343C853EF;2023;1549;ELABORACION DE OTROS PRODUCTOS ALIMENTICIOS NCP;MANUFACTURA;110207;ICA;CHINCHA;PUEBLO NUEVO;MICRO;0;742500;NO;0;0;20241231
DED413B50808FF5FB883ABC05FF4D6B4;2023;1533;ELABORACION DE ALIMENTOS PREPARADOS PARA ANIMALES;MANUFACTURA;110401;ICA;PALPA;PALPA;MICRO;0;742500;NO;0;0;20241231
5C5DF59560F2B568EF08D8075E50092C;2023;1551;"DESTILACION, RECTIFICACION Y MEZCLA DE BEBIDAS ALCOHOLICAS; PRODUCCION DE ALCOHOL ETILICO A PARTIR DE SUSTANCIAS FERMENTADAS";MANUFACTURA;110105;ICA;ICA;PACHACUTEC;MICRO;0;742500;NO;0;0;20241231
9A8851A129DF62D29AD082C5E4B91655;2023;1533;ELABORACION DE ALIMENTOS PREPARADOS PARA ANIMALES;MANUFACTURA;110101;ICA;ICA;ICA;MICRO;0;742500;NO;0;0;20241231
5454A66F9E66966250F01F75BB834076;2023;1543;ELABORACION DE CACAO Y CHOCOLATE Y DE PRODUCTOS DE CONFITERIA;MANUFACTURA;110301;ICA;NAZCA;NAZCA;MICRO;0;742500;NO;0;0;20241231
B2DCCB3525B153B1DCAE298416E71DC8;2023;1511;PRODUCCION, PROCESAMIENTO Y CONSERVACION DE CARNE Y PRODUCTOS CARNICOS;MANUFACTURA;110501;ICA;PISCO;PISCO;MICRO;0;742500;NO;0;0;20241231
234F305C03B7C8207164AC08FACB8011;2023;1552;ELABORACION DE VINOS;MANUFACTURA;110210;ICA;CHINCHA;SUNAMPE;MICRO;0;742500;NO;0;0;20241231
3176D9577189A164749B9890B98F0DB6;2023;1514;ELABORACION DE ACEITES Y GRASAS DE ORIGEN VEGETAL Y ANIMAL;MANUFACTURA;110103;ICA;ICA;LOS AQUIJES;MICRO;0;742500;NO;0;0;20241231
35513B87AF731DE2135B79528390DA43;2023;1554;"ELABORACION DE BEBIDAS NO ALCOHOLICAS; PRODUCCION DE AGUAS MINERALES";MANUFACTURA;110101;ICA;ICA;ICA;MICRO;0;742500;NO;0;0;20241231
56E31DBA89E7466FC7B382EC3C209663;2023;1551;"DESTILACION, RECTIFICACION Y MEZCLA DE BEBIDAS ALCOHOLICAS; PRODUCCION DE ALCOHOL ETILICO A PARTIR DE SUSTANCIAS FERMENTADAS";MANUFACTURA;110108;ICA;ICA;SALAS;MICRO;0;742500;NO;0;0;20241231
A6B6E4E351BFFA121E8F3ACE509F733A;2023;1549;ELABORACION DE OTROS PRODUCTOS ALIMENTICIOS NCP;MANUFACTURA;110303;ICA;NAZCA;EL INGENIO;MICRO;0;742500;NO;0;0;20241231
C44F365C102D407BA6CD9097135BB696;2023;1549;ELABORACION DE OTROS PRODUCTOS ALIMENTICIOS NCP;MANUFACTURA;110111;ICA;ICA;SANTIAGO;MICRO;0;742500;NO;0;0;20241231
DEABAD076CF4D539E84F481391E5CBAA;2023;1513;ELABORACION Y CONSERVACION DE FRUTAS, LEGUMBRES Y HORTALIZAS;MANUFACTURA;110105;ICA;ICA;PACHACUTEC;MICRO;0;742500;NO;0;0;20241231
C4769D4A95114C63F7E54B2CF600DF9B;2023;1552;ELABORACION DE VINOS;MANUFACTURA;110101;ICA;ICA;ICA;MICRO;0;742500;NO;0;0;20241231
EE70EB7616166E17E21916B726636261;2023;1513;ELABORACION Y CONSERVACION DE FRUTAS, LEGUMBRES Y HORTALIZAS;MANUFACTURA;110105;ICA;ICA;PACHACUTEC;PEQUENA;742500;8415000;NO;0;0;20241231
1AEB3A6EDF37DB606E2F8E3CAE390004;2023;1549;ELABORACION DE OTROS PRODUCTOS ALIMENTICIOS NCP;MANUFACTURA;110101;ICA;ICA;ICA;MICRO;0;742500;NO;0;0;20241231
DEA545B2B78E64BD5E1C399A2818B468;2023;1533;ELABORACION DE ALIMENTOS PREPARADOS PARA ANIMALES;MANUFACTURA;110101;ICA;ICA;ICA;MICRO;0;742500;NO;0;0;20241231
BA2ACCDB4E8AEAEAC5BF413D2EDD8181;2023;1533;ELABORACION DE ALIMENTOS PREPARADOS PARA ANIMALES;MANUFACTURA;110102;ICA;ICA;LA TINGUInA;MICRO;0;742500;NO;0;0;20241231
2B89FBB2338291E6EB2191A855583612;2023;1549;ELABORACION DE OTROS PRODUCTOS ALIMENTICIOS NCP;MANUFACTURA;110112;ICA;ICA;SUBTANJALLA;MICRO;0;742500;NO;0;0;20241231
172095583A2AE4B863DFCB154C615CE1;2023;1549;ELABORACION DE OTROS PRODUCTOS ALIMENTICIOS NCP;MANUFACTURA;110401;ICA;PALPA;PALPA;MICRO;0;742500;NO;0;0;20241231
B03861AA995EC4A662916D196D41A08C;2023;1531;ELABORACION DE PRODUCTOS DE MOLINERIA;MANUFACTURA;110209;ICA;CHINCHA;SAN PEDRO DE HUACARPANA;MICRO;0;742500;NO;0;0;20241231
F1741F3566D68ED0D1048EE89BB19787;2023;1533;ELABORACION DE ALIMENTOS PREPARADOS PARA ANIMALES;MANUFACTURA;110101;ICA;ICA;ICA;MICRO;0;742500;NO;0;0;20241231
29E251224F3912F24674D4B31900E8D9;2023;1513;ELABORACION Y CONSERVACION DE FRUTAS, LEGUMBRES Y HORTALIZAS;MANUFACTURA;110101;ICA;ICA;ICA;MICRO;0;742500;NO;0;0;20241231
0CB186B8EFE0B7A765877426661F7764;2023;1543;ELABORACION DE CACAO Y CHOCOLATE Y DE PRODUCTOS DE CONFITERIA;MANUFACTURA;110201;ICA;CHINCHA;CHINCHA ALTA;MICRO;0;742500;NO;0;0;20241231
E00E0C5B60663A39BD490F09BBB6B11C;2023;1549;ELABORACION DE OTROS PRODUCTOS ALIMENTICIOS NCP;MANUFACTURA;110103;ICA;ICA;LOS AQUIJES;MICRO;0;742500;NO;0;0;20241231
261E285BE691DCCFEE29DD143FE03BAC;2023;1549;ELABORACION DE OTROS PRODUCTOS ALIMENTICIOS NCP;MANUFACTURA;110102;ICA;ICA;LA TINGUInA;MICRO;0;742500;NO;0;0;20241231
5C626FF16431C5AB29ACCC24EB765023;2023;1551;"DESTILACION, RECTIFICACION Y MEZCLA DE BEBIDAS ALCOHOLICAS; PRODUCCION DE ALCOHOL ETILICO A PARTIR DE SUSTANCIAS FERMENTADAS";MANUFACTURA;110201;ICA;CHINCHA;CHINCHA ALTA;PEQUENA;742500;8415000;SI;195395;1107237;20241231
77EFB69BF26D347298E23BE7C7F7BA2E;2023;1552;ELABORACION DE VINOS;MANUFACTURA;110210;ICA;CHINCHA;SUNAMPE;GRAN EMPRESA;11385000;61875000;SI;195395;1107237;20241231
BEDACA058289D829FF7887EA2CD4F110;2023;1513;ELABORACION Y CONSERVACION DE FRUTAS, LEGUMBRES Y HORTALIZAS;MANUFACTURA;110204;ICA;CHINCHA;CHINCHA BAJA;MICRO;0;742500;NO;0;0;20241231
464C28F78D782C97543D33ED635A723F;2023;1552;ELABORACION DE VINOS;MANUFACTURA;110106;ICA;ICA;PARCONA;PEQUENA;742500;8415000;SI;0;97697;20241231
F7401EDB5A7EB0418D8A0832991B581E;2023;1551;"DESTILACION, RECTIFICACION Y MEZCLA DE BEBIDAS ALCOHOLICAS; PRODUCCION DE ALCOHOL ETILICO A PARTIR DE SUSTANCIAS FERMENTADAS";MANUFACTURA;110107;ICA;ICA;PUEBLO NUEVO;MICRO;0;742500;SI;0;97697;20241231
03DE1AA59D628406602CC69E8E8E7963;2023;1554;"ELABORACION DE BEBIDAS NO ALCOHOLICAS; PRODUCCION DE AGUAS MINERALES";MANUFACTURA;110101;ICA;ICA;ICA;MICRO;0;742500;NO;0;0;20241231
4424A41D5499C6E87BFD268EF900A7C3;2023;1552;ELABORACION DE VINOS;MANUFACTURA;110103;ICA;ICA;LOS AQUIJES;MICRO;0;742500;NO;0;0;20241231
BCECD5E3D4E74D4100428A7CB66D473F;2023;1552;ELABORACION DE VINOS;MANUFACTURA;110505;ICA;PISCO;PARACAS;MICRO;0;742500;NO;0;0;20241231
3EBB7B5B12E9DAA1119C7508F91A65C9;2023;1513;ELABORACION Y CONSERVACION DE FRUTAS, LEGUMBRES Y HORTALIZAS;MANUFACTURA;110501;ICA;PISCO;PISCO;GRAN EMPRESA;11385000;61875000;SI;2996053;13026316;20241231
51AF126B113D829791DB402459DC2862;2023;1552;ELABORACION DE VINOS;MANUFACTURA;110102;ICA;ICA;LA TINGUInA;GRAN EMPRESA;11385000;61875000;SI;2605263;2996053;20241231
41951B06F118F7DBE2B26FA725318AAD;2023;1513;ELABORACION Y CONSERVACION DE FRUTAS, LEGUMBRES Y HORTALIZAS;MANUFACTURA;110101;ICA;ICA;ICA;PEQUENA;742500;8415000;SI;195395;1107237;20241231
397ABED001F59FE818E5887B3D17E0F1;2023;1513;ELABORACION Y CONSERVACION DE FRUTAS, LEGUMBRES Y HORTALIZAS;MANUFACTURA;110110;ICA;ICA;SAN JUAN BAUTISTA;MICRO;0;742500;NO;0;0;20241231
FA03ECEB60C48DDB5F2DFF6E5D0F2FF7;2023;1513;ELABORACION Y CONSERVACION DE FRUTAS, LEGUMBRES Y HORTALIZAS;MANUFACTURA;110101;ICA;ICA;ICA;GRAN EMPRESA;61875000;13365000000;SI;13026316;260526316;20241231
BE7AA12C080CEEEFADBB8006EAD98D9C;2023;1543;ELABORACION DE CACAO Y CHOCOLATE Y DE PRODUCTOS DE CONFITERIA;MANUFACTURA;110101;ICA;ICA;ICA;MICRO;0;742500;NO;0;0;20241231
8D46DC2B79A1F03FDFEF3CB89E4EFC4B;2023;1543;ELABORACION DE CACAO Y CHOCOLATE Y DE PRODUCTOS DE CONFITERIA;MANUFACTURA;110102;ICA;ICA;LA TINGUInA;MICRO;0;742500;NO;0;0;20241231
8B5B880D4691B9C00BAD072FD35AFDDF;2023;1549;ELABORACION DE OTROS PRODUCTOS ALIMENTICIOS NCP;MANUFACTURA;110101;ICA;ICA;ICA;MICRO;0;742500;NO;0;0;20241231
F1408695427348AE3C2819F91BB08EEA;2023;1513;ELABORACION Y CONSERVACION DE FRUTAS, LEGUMBRES Y HORTALIZAS;MANUFACTURA;110112;ICA;ICA;SUBTANJALLA;GRAN EMPRESA;11385000;61875000;SI;2996053;13026316;20241231
005D549EBEB3C183B6A9E20E98501E61;2023;1552;ELABORACION DE VINOS;MANUFACTURA;110210;ICA;CHINCHA;SUNAMPE;PEQUENA;742500;8415000;NO;0;0;20241231
FC9C16B7D4FA34D9395E85F1DA335F52;2023;1531;ELABORACION DE PRODUCTOS DE MOLINERIA;MANUFACTURA;110101;ICA;ICA;ICA;MICRO;0;742500;NO;0;0;20241231
9FC9D7167D926BF8B8935EEAC14CCB9E;2023;1552;ELABORACION DE VINOS;MANUFACTURA;110201;ICA;CHINCHA;CHINCHA ALTA;MICRO;0;742500;NO;0;0;20241231
A69C34429CC98E142E235F51F1650C27;2023;1552;ELABORACION DE VINOS;MANUFACTURA;110101;ICA;ICA;ICA;MICRO;0;742500;NO;0;0;20241231
BDABAFE395264A4FF31A4C9D9FD12E65;2023;1551;"DESTILACION, RECTIFICACION Y MEZCLA DE BEBIDAS ALCOHOLICAS; PRODUCCION DE ALCOHOL ETILICO A PARTIR DE SUSTANCIAS FERMENTADAS";MANUFACTURA;110113;ICA;ICA;TATE;MICRO;0;742500;NO;0;0;20241231
3778D035B2FB65A038062481F315FCAB;2023;1552;ELABORACION DE VINOS;MANUFACTURA;110206;ICA;CHINCHA;GROCIO PRADO;MICRO;0;742500;NO;0;0;20241231
509F6D48C0CB6EDC31B0028BCFC3C21D;2023;1533;ELABORACION DE ALIMENTOS PREPARADOS PARA ANIMALES;MANUFACTURA;110103;ICA;ICA;LOS AQUIJES;MICRO;0;742500;NO;0;0;20241231
9B0CF2A4A885D09FE9004A747AAC0107;2023;1552;ELABORACION DE VINOS;MANUFACTURA;110210;ICA;CHINCHA;SUNAMPE;MICRO;0;742500;NO;0;0;20241231
7FFD082671B729ACE30BF9E11F4D787C;2023;1554;"ELABORACION DE BEBIDAS NO ALCOHOLICAS; PRODUCCION DE AGUAS MINERALES";MANUFACTURA;110210;ICA;CHINCHA;SUNAMPE;MICRO;0;742500;NO;0;0;20241231
B3A1D726197F3068CA6D7CC9CC9DEC0D;2023;1552;ELABORACION DE VINOS;MANUFACTURA;110110;ICA;ICA;SAN JUAN BAUTISTA;MICRO;0;742500;NO;0;0;20241231
C81A9A270E0DDD56D67737950C4EE142;2023;1552;ELABORACION DE VINOS;MANUFACTURA;110210;ICA;CHINCHA;SUNAMPE;MICRO;0;742500;NO;0;0;20241231
7CE352BD2CDEEC7CEA077B3A58160BE7;2023;1552;ELABORACION DE VINOS;MANUFACTURA;110112;ICA;ICA;SUBTANJALLA;PEQUENA;742500;8415000;SI;97697;195395;20241231
8B8F8374F6D71036A235E7E608ADCA69;2023;1533;ELABORACION DE ALIMENTOS PREPARADOS PARA ANIMALES;MANUFACTURA;110201;ICA;CHINCHA;CHINCHA ALTA;PEQUENA;742500;8415000;NO;0;0;20241231
43BE5E24FF6FCA0268F7615A5AD8A4E7;2023;1531;ELABORACION DE PRODUCTOS DE MOLINERIA;MANUFACTURA;110201;ICA;CHINCHA;CHINCHA ALTA;MICRO;0;742500;NO;0;0;20241231
870FDF962E24F2E60A61F964B910BEAD;2023;1552;ELABORACION DE VINOS;MANUFACTURA;110301;ICA;NAZCA;NAZCA;MICRO;0;742500;NO;0;0;20241231
5333DE26901B67BB99D0748CF28A9EE6;2023;1552;ELABORACION DE VINOS;MANUFACTURA;110206;ICA;CHINCHA;GROCIO PRADO;MICRO;0;742500;NO;0;0;20241231
8D6AA4FE8CAAE0B60F91457787CB5790;2023;1531;ELABORACION DE PRODUCTOS DE MOLINERIA;MANUFACTURA;110305;ICA;NAZCA;VISTA ALEGRE;MICRO;0;742500;NO;0;0;20241231
18E563FFD9C70EA98537A88BAB297A6D;2023;1554;"ELABORACION DE BEBIDAS NO ALCOHOLICAS; PRODUCCION DE AGUAS MINERALES";MANUFACTURA;110112;ICA;ICA;SUBTANJALLA;MICRO;0;742500;NO;0;0;20241231
6D4D4B95E96EBAB37FB2DE3F1F7DE8AB;2023;1513;ELABORACION Y CONSERVACION DE FRUTAS, LEGUMBRES Y HORTALIZAS;MANUFACTURA;110108;ICA;ICA;SALAS;MICRO;0;742500;NO;0;0;20241231
8C66C1620C48148184993DB48692A40C;2023;1552;ELABORACION DE VINOS;MANUFACTURA;110210;ICA;CHINCHA;SUNAMPE;MICRO;0;742500;NO;0;0;20241231
5824646516709CFA1CA6DD18D911EEE5;2023;1531;ELABORACION DE PRODUCTOS DE MOLINERIA;MANUFACTURA;110201;ICA;CHINCHA;CHINCHA ALTA;MICRO;0;742500;NO;0;0;20241231
7B52D59C6DE1886FF597D6FC775856E2;2023;1554;"ELABORACION DE BEBIDAS NO ALCOHOLICAS; PRODUCCION DE AGUAS MINERALES";MANUFACTURA;110210;ICA;CHINCHA;SUNAMPE;MICRO;0;742500;NO;0;0;20241231
1A405B442C1AC264B327D52AE38E3D2D;2023;1552;ELABORACION DE VINOS;MANUFACTURA;110210;ICA;CHINCHA;SUNAMPE;PEQUENA;742500;8415000;SI;0;97697;20241231
B701160BBCC1929491851F9CAFB2D04C;2023;1552;ELABORACION DE VINOS;MANUFACTURA;110201;ICA;CHINCHA;CHINCHA ALTA;MICRO;0;742500;NO;0;0;20241231
66C6140E4354577C39052E906C83C7FE;2023;1551;"DESTILACION, RECTIFICACION Y MEZCLA DE BEBIDAS ALCOHOLICAS; PRODUCCION DE ALCOHOL ETILICO A PARTIR DE SUSTANCIAS FERMENTADAS";MANUFACTURA;110508;ICA;PISCO;TUPAC AMARU INCA;MICRO;0;742500;SI;0;97697;20241231
188E84A83AEB5D4E67D9F44E6F527FBB;2023;1551;"DESTILACION, RECTIFICACION Y MEZCLA DE BEBIDAS ALCOHOLICAS; PRODUCCION DE ALCOHOL ETILICO A PARTIR DE SUSTANCIAS FERMENTADAS";MANUFACTURA;110112;ICA;ICA;SUBTANJALLA;MICRO;0;742500;NO;0;0;20241231
5DB13ED99A92E8B15E657784896508BC;2023;1551;"DESTILACION, RECTIFICACION Y MEZCLA DE BEBIDAS ALCOHOLICAS; PRODUCCION DE ALCOHOL ETILICO A PARTIR DE SUSTANCIAS FERMENTADAS";MANUFACTURA;110101;ICA;ICA;ICA;MICRO;0;742500;NO;0;0;20241231
D4889B7268EB441AFE408F0084BA815A;2023;1552;ELABORACION DE VINOS;MANUFACTURA;110107;ICA;ICA;PUEBLO NUEVO;MICRO;0;742500;NO;0;0;20241231
D1CC85C1CD1EDFD7FF43F7BEB1F2EA84;2023;1554;"ELABORACION DE BEBIDAS NO ALCOHOLICAS; PRODUCCION DE AGUAS MINERALES";MANUFACTURA;110101;ICA;ICA;ICA;MICRO;0;742500;NO;0;0;20241231
18BD8A8127943E8E39F93B55B09D0D0F;2023;1549;ELABORACION DE OTROS PRODUCTOS ALIMENTICIOS NCP;MANUFACTURA;110501;ICA;PISCO;PISCO;PEQUENA;742500;8415000;NO;0;0;20241231
173693B6D9F0EFFB83222EF94BC35AE0;2023;1549;ELABORACION DE OTROS PRODUCTOS ALIMENTICIOS NCP;MANUFACTURA;110505;ICA;PISCO;PARACAS;MICRO;0;742500;NO;0;0;20241231
A477475748148380E48073B72152D5D4;2023;1552;ELABORACION DE VINOS;MANUFACTURA;110206;ICA;CHINCHA;GROCIO PRADO;MICRO;0;742500;NO;0;0;20241231
ADBEECEA269A9FDE5A6AC7CE218E4DF8;2023;1552;ELABORACION DE VINOS;MANUFACTURA;110210;ICA;CHINCHA;SUNAMPE;MICRO;0;742500;NO;0;0;20241231
C24769DFDCB75BF429047D398999ACC3;2023;1513;ELABORACION Y CONSERVACION DE FRUTAS, LEGUMBRES Y HORTALIZAS;MANUFACTURA;110101;ICA;ICA;ICA;PEQUENA;742500;8415000;NO;0;0;20241231
6982BCB6F7D90BB396B86CCE2CCA0F51;2023;1531;ELABORACION DE PRODUCTOS DE MOLINERIA;MANUFACTURA;110206;ICA;CHINCHA;GROCIO PRADO;MICRO;0;742500;NO;0;0;20241231
909512A38F03E0ED0C97738B03445AB7;2023;1549;ELABORACION DE OTROS PRODUCTOS ALIMENTICIOS NCP;MANUFACTURA;110101;ICA;ICA;ICA;MICRO;0;742500;NO;0;0;20241231
3E282687725A1C9D7CF2A65738C16FE6;2023;1552;ELABORACION DE VINOS;MANUFACTURA;110101;ICA;ICA;ICA;MICRO;0;742500;NO;0;0;20241231
6C05BA19BC70CF1DD9F148CA86222EFD;2023;1552;ELABORACION DE VINOS;MANUFACTURA;110106;ICA;ICA;PARCONA;MICRO;0;742500;NO;0;0;20241231
8FFCBE67548930B3B4B66734ADD20699;2023;1552;ELABORACION DE VINOS;MANUFACTURA;110103;ICA;ICA;LOS AQUIJES;MICRO;0;742500;NO;0;0;20241231
70F465E567AFB10053C5B665AF519DF7;2023;1513;ELABORACION Y CONSERVACION DE FRUTAS, LEGUMBRES Y HORTALIZAS;MANUFACTURA;110106;ICA;ICA;PARCONA;MEDIANA;8415000;11385000;NO;0;0;20241231
5E2DBBA3C04F143F68AFCB06998AC2AB;2023;1552;ELABORACION DE VINOS;MANUFACTURA;110210;ICA;CHINCHA;SUNAMPE;MICRO;0;742500;NO;0;0;20241231
03D695DB433787D713E5D158E251006B;2023;1551;"DESTILACION, RECTIFICACION Y MEZCLA DE BEBIDAS ALCOHOLICAS; PRODUCCION DE ALCOHOL ETILICO A PARTIR DE SUSTANCIAS FERMENTADAS";MANUFACTURA;110101;ICA;ICA;ICA;MICRO;0;742500;SI;0;97697;20241231
5C0CDC20E33BA66B93953EF2C18696E7;2023;1533;ELABORACION DE ALIMENTOS PREPARADOS PARA ANIMALES;MANUFACTURA;110501;ICA;PISCO;PISCO;MICRO;0;742500;NO;0;0;20241231
85BA39184E224AA271BEF4AAC3A353DF;2023;1551;"DESTILACION, RECTIFICACION Y MEZCLA DE BEBIDAS ALCOHOLICAS; PRODUCCION DE ALCOHOL ETILICO A PARTIR DE SUSTANCIAS FERMENTADAS";MANUFACTURA;110301;ICA;NAZCA;NAZCA;PEQUENA;742500;8415000;NO;0;0;20241231
9BF2B6C73C695855752955F4C86DA19F;2023;1552;ELABORACION DE VINOS;MANUFACTURA;110112;ICA;ICA;SUBTANJALLA;MICRO;0;742500;NO;0;0;20241231
B67F85093C5AE5E77A55862A561B564F;2023;1552;ELABORACION DE VINOS;MANUFACTURA;110206;ICA;CHINCHA;GROCIO PRADO;PEQUENA;742500;8415000;SI;0;97697;20241231
35C2F66DB07E672FA685B0E752124B70;2023;1552;ELABORACION DE VINOS;MANUFACTURA;110201;ICA;CHINCHA;CHINCHA ALTA;MICRO;0;742500;NO;0;0;20241231
CEAF78BEEAC6A478563591E5AF2504F5;2023;1552;ELABORACION DE VINOS;MANUFACTURA;110210;ICA;CHINCHA;SUNAMPE;MICRO;0;742500;NO;0;0;20241231
C98F39D07CBE075AFEED174AAD2DCCF1;2023;1552;ELABORACION DE VINOS;MANUFACTURA;110110;ICA;ICA;SAN JUAN BAUTISTA;MICRO;0;742500;NO;0;0;20241231
05677C4BD60B0CA1B2E408A32A57FE9D;2023;1552;ELABORACION DE VINOS;MANUFACTURA;110210;ICA;CHINCHA;SUNAMPE;MICRO;0;742500;NO;0;0;20241231
8A9D810D5FABE02C9D4EC091DE2F333C;2023;1552;ELABORACION DE VINOS;MANUFACTURA;110301;ICA;NAZCA;NAZCA;MICRO;0;742500;NO;0;0;20241231
7B238AAF12ED7843A8CC495487856C3D;2023;1552;ELABORACION DE VINOS;MANUFACTURA;110101;ICA;ICA;ICA;MICRO;0;742500;NO;0;0;20241231
B7F8FAD4CCD87928032E172D861CF1D1;2023;1552;ELABORACION DE VINOS;MANUFACTURA;110101;ICA;ICA;ICA;MICRO;0;742500;NO;0;0;20241231
1B152FA013C2D042F77FA02A835F6727;2023;1549;ELABORACION DE OTROS PRODUCTOS ALIMENTICIOS NCP;MANUFACTURA;110101;ICA;ICA;ICA;PEQUENA;742500;8415000;NO;0;0;20241231
F1CE16E12178733392A030BC1E5F252F;2023;1531;ELABORACION DE PRODUCTOS DE MOLINERIA;MANUFACTURA;110206;ICA;CHINCHA;GROCIO PRADO;PEQUENA;742500;8415000;NO;0;0;20241231
3C0C8E5C30A90B30BB1DF2E7DD80FFDD;2023;1552;ELABORACION DE VINOS;MANUFACTURA;110101;ICA;ICA;ICA;MICRO;0;742500;NO;0;0;20241231
2F7C6A983D9B50A137BB79940ABFE2ED;2023;1552;ELABORACION DE VINOS;MANUFACTURA;110110;ICA;ICA;SAN JUAN BAUTISTA;MICRO;0;742500;NO;0;0;20241231
B0AC904FE78799BF7C5413E44273B8E2;2023;1551;"DESTILACION, RECTIFICACION Y MEZCLA DE BEBIDAS ALCOHOLICAS; PRODUCCION DE ALCOHOL ETILICO A PARTIR DE SUSTANCIAS FERMENTADAS";MANUFACTURA;110501;ICA;PISCO;PISCO;MICRO;0;742500;NO;0;0;20241231
0DD117414DCD42A56CAA2F92EB0C8582;2023;1552;ELABORACION DE VINOS;MANUFACTURA;110113;ICA;ICA;TATE;MICRO;0;742500;NO;0;0;20241231
03F01E1CEE2CA17BB832A5CE51DD8900;2023;1513;ELABORACION Y CONSERVACION DE FRUTAS, LEGUMBRES Y HORTALIZAS;MANUFACTURA;110201;ICA;CHINCHA;CHINCHA ALTA;GRAN EMPRESA;11385000;61875000;SI;2996053;13026316;20241231
E1EE7ACDABFA486F3C2AFF595E3C1836;2023;1552;ELABORACION DE VINOS;MANUFACTURA;110210;ICA;CHINCHA;SUNAMPE;MICRO;0;742500;NO;0;0;20241231
A8E99FF260708DC3F93E64FE89430BB7;2023;1552;ELABORACION DE VINOS;MANUFACTURA;110210;ICA;CHINCHA;SUNAMPE;MICRO;0;742500;NO;0;0;20241231
DEBC78096FCDD79271ABE2090C62F431;2023;1552;ELABORACION DE VINOS;MANUFACTURA;110108;ICA;ICA;SALAS;MICRO;0;742500;NO;0;0;20241231
07DD6EEF64A593E25C058815CE9541E3;2023;1549;ELABORACION DE OTROS PRODUCTOS ALIMENTICIOS NCP;MANUFACTURA;110501;ICA;PISCO;PISCO;MICRO;0;742500;NO;0;0;20241231
939C12049FACC31646AA8E05FBBFB9FD;2023;1533;ELABORACION DE ALIMENTOS PREPARADOS PARA ANIMALES;MANUFACTURA;110202;ICA;CHINCHA;ALTO LARAN;MICRO;0;742500;NO;0;0;20241231
A5D401477E84891DC2909AADE6BAA10F;2023;1552;ELABORACION DE VINOS;MANUFACTURA;110112;ICA;ICA;SUBTANJALLA;PEQUENA;742500;8415000;NO;0;0;20241231
4D78C302211B68817DC9D5C3DC019D97;2023;1552;ELABORACION DE VINOS;MANUFACTURA;110201;ICA;CHINCHA;CHINCHA ALTA;MICRO;0;742500;NO;0;0;20241231
56A59691B1768265591DD5E53FE03115;2023;1552;ELABORACION DE VINOS;MANUFACTURA;110210;ICA;CHINCHA;SUNAMPE;MICRO;0;742500;NO;0;0;20241231
F8D4BAC90F8E628433EF53C15D7A9562;2023;1552;ELABORACION DE VINOS;MANUFACTURA;110210;ICA;CHINCHA;SUNAMPE;PEQUENA;742500;8415000;NO;0;0;20241231
A35D7066E474270C66229C7F70FD3F87;2023;1552;ELABORACION DE VINOS;MANUFACTURA;110210;ICA;CHINCHA;SUNAMPE;MICRO;0;742500;NO;0;0;20241231
E22DC31C6E9004DCA5D172BBE9568396;2023;1554;"ELABORACION DE BEBIDAS NO ALCOHOLICAS; PRODUCCION DE AGUAS MINERALES";MANUFACTURA;110506;ICA;PISCO;SAN ANDRES;MICRO;0;742500;NO;0;0;20241231
47C2F0A03447B683A8D988342E8CC417;2023;1551;"DESTILACION, RECTIFICACION Y MEZCLA DE BEBIDAS ALCOHOLICAS; PRODUCCION DE ALCOHOL ETILICO A PARTIR DE SUSTANCIAS FERMENTADAS";MANUFACTURA;110103;ICA;ICA;LOS AQUIJES;MICRO;0;742500;NO;0;0;20241231
9EED0ACEDA978A1695C2163792E3A47E;2023;1554;"ELABORACION DE BEBIDAS NO ALCOHOLICAS; PRODUCCION DE AGUAS MINERALES";MANUFACTURA;110103;ICA;ICA;LOS AQUIJES;PEQUENA;742500;8415000;NO;0;0;20241231
378942D15E5A29255B0E93C2232AF19D;2023;1513;ELABORACION Y CONSERVACION DE FRUTAS, LEGUMBRES Y HORTALIZAS;MANUFACTURA;110111;ICA;ICA;SANTIAGO;MICRO;0;742500;NO;0;0;20241231
914BD7D5346234A6143CCEC35B6EE51E;2023;1549;ELABORACION DE OTROS PRODUCTOS ALIMENTICIOS NCP;MANUFACTURA;110201;ICA;CHINCHA;CHINCHA ALTA;MICRO;0;742500;NO;0;0;20241231
8449D99C8B2D721C18339F4A53349DD5;2023;1552;ELABORACION DE VINOS;MANUFACTURA;110103;ICA;ICA;LOS AQUIJES;MICRO;0;742500;NO;0;0;20241231
7AABCE6D7627D26C5BC926396541B77A;2023;1551;"DESTILACION, RECTIFICACION Y MEZCLA DE BEBIDAS ALCOHOLICAS; PRODUCCION DE ALCOHOL ETILICO A PARTIR DE SUSTANCIAS FERMENTADAS";MANUFACTURA;110101;ICA;ICA;ICA;MICRO;0;742500;NO;0;0;20241231
CA0F410C6AB1A328D51FA298BF6D3171;2023;1533;ELABORACION DE ALIMENTOS PREPARADOS PARA ANIMALES;MANUFACTURA;110106;ICA;ICA;PARCONA;MICRO;0;742500;NO;0;0;20241231
2DC4ED567F50BE7EC81FD26CAFEFCE84;2023;1551;"DESTILACION, RECTIFICACION Y MEZCLA DE BEBIDAS ALCOHOLICAS; PRODUCCION DE ALCOHOL ETILICO A PARTIR DE SUSTANCIAS FERMENTADAS";MANUFACTURA;110210;ICA;CHINCHA;SUNAMPE;MICRO;0;742500;NO;0;0;20241231
95EB0215D8FEE7DEC4B132D9FFFDD79E;2023;1511;PRODUCCION, PROCESAMIENTO Y CONSERVACION DE CARNE Y PRODUCTOS CARNICOS;MANUFACTURA;110101;ICA;ICA;ICA;MICRO;0;742500;NO;0;0;20241231
F554ABA20CB875401415152F7D645E05;2023;1554;"ELABORACION DE BEBIDAS NO ALCOHOLICAS; PRODUCCION DE AGUAS MINERALES";MANUFACTURA;110106;ICA;ICA;PARCONA;MICRO;0;742500;NO;0;0;20241231
089D045502DF27CAD7D9EBB91036E3DB;2023;1554;"ELABORACION DE BEBIDAS NO ALCOHOLICAS; PRODUCCION DE AGUAS MINERALES";MANUFACTURA;110501;ICA;PISCO;PISCO;MICRO;0;742500;NO;0;0;20241231
E935D53CC55993B7D61534AF8C779FD4;2023;1554;"ELABORACION DE BEBIDAS NO ALCOHOLICAS; PRODUCCION DE AGUAS MINERALES";MANUFACTURA;110112;ICA;ICA;SUBTANJALLA;MICRO;0;742500;NO;0;0;20241231
71B61669B4BF677BAED194F9B38BF759;2023;1554;"ELABORACION DE BEBIDAS NO ALCOHOLICAS; PRODUCCION DE AGUAS MINERALES";MANUFACTURA;110112;ICA;ICA;SUBTANJALLA;MICRO;0;742500;NO;0;0;20241231
B2EB34DBB55BC1AD50B294A16FFB97A6;2023;1514;ELABORACION DE ACEITES Y GRASAS DE ORIGEN VEGETAL Y ANIMAL;MANUFACTURA;110106;ICA;ICA;PARCONA;MICRO;0;742500;NO;0;0;20241231
D0B17797C5A7CA3F5418B60AD74A69C4;2023;1511;PRODUCCION, PROCESAMIENTO Y CONSERVACION DE CARNE Y PRODUCTOS CARNICOS;MANUFACTURA;110105;ICA;ICA;PACHACUTEC;MICRO;0;742500;NO;0;0;20241231
5B189B757E1512D5A093D1ADADEE0126;2023;1554;"ELABORACION DE BEBIDAS NO ALCOHOLICAS; PRODUCCION DE AGUAS MINERALES";MANUFACTURA;110102;ICA;ICA;LA TINGUInA;MICRO;0;742500;NO;0;0;20241231
ABFFCF7DF485779BB4DFA90550F87A88;2023;1543;ELABORACION DE CACAO Y CHOCOLATE Y DE PRODUCTOS DE CONFITERIA;MANUFACTURA;110501;ICA;PISCO;PISCO;MICRO;0;742500;NO;0;0;20241231
CC0CD198C5F4376DD5F39450155C731B;2023;1554;"ELABORACION DE BEBIDAS NO ALCOHOLICAS; PRODUCCION DE AGUAS MINERALES";MANUFACTURA;110101;ICA;ICA;ICA;MICRO;0;742500;NO;0;0;20241231
39A1AB438119FB4719AA3884BB85C85D;2023;1554;"ELABORACION DE BEBIDAS NO ALCOHOLICAS; PRODUCCION DE AGUAS MINERALES";MANUFACTURA;110207;ICA;CHINCHA;PUEBLO NUEVO;MICRO;0;742500;NO;0;0;20241231
F056BE2BD14F71285EF5459979039B78;2023;1552;ELABORACION DE VINOS;MANUFACTURA;110112;ICA;ICA;SUBTANJALLA;PEQUENA;742500;8415000;NO;0;0;20241231
7F79E13F5E8846D782C744EC4EBCCC5E;2023;1551;"DESTILACION, RECTIFICACION Y MEZCLA DE BEBIDAS ALCOHOLICAS; PRODUCCION DE ALCOHOL ETILICO A PARTIR DE SUSTANCIAS FERMENTADAS";MANUFACTURA;110101;ICA;ICA;ICA;MICRO;0;742500;NO;0;0;20241231
67FEA5E0CA709751E9BB36DEF41FA1E7;2023;1543;ELABORACION DE CACAO Y CHOCOLATE Y DE PRODUCTOS DE CONFITERIA;MANUFACTURA;110101;ICA;ICA;ICA;MICRO;0;742500;NO;0;0;20241231
8938D093415FCFA4205540393AE309DB;2023;1554;"ELABORACION DE BEBIDAS NO ALCOHOLICAS; PRODUCCION DE AGUAS MINERALES";MANUFACTURA;110101;ICA;ICA;ICA;PEQUENA;742500;8415000;NO;0;0;20241231
179082A3B1001CD723B812CB615877A3;2023;1513;ELABORACION Y CONSERVACION DE FRUTAS, LEGUMBRES Y HORTALIZAS;MANUFACTURA;110112;ICA;ICA;SUBTANJALLA;MICRO;0;742500;NO;0;0;20241231
8A3E5DF1222D10E66A6D5D2A3CF0272D;2023;1531;ELABORACION DE PRODUCTOS DE MOLINERIA;MANUFACTURA;110201;ICA;CHINCHA;CHINCHA ALTA;MICRO;0;742500;NO;0;0;20241231
AC57A15C49129A70EB97AC0242CB7295;2023;1553;ELABORACION DE BEBIDAS MALTEADAS Y DE MALTA;MANUFACTURA;110201;ICA;CHINCHA;CHINCHA ALTA;MICRO;0;742500;NO;0;0;20241231
986887E4D3183DB3A8400C1D353AF09B;2023;1513;ELABORACION Y CONSERVACION DE FRUTAS, LEGUMBRES Y HORTALIZAS;MANUFACTURA;110110;ICA;ICA;SAN JUAN BAUTISTA;MICRO;0;742500;NO;0;0;20241231
6685F393BFE7630D2B4B59B2BE761179;2023;1552;ELABORACION DE VINOS;MANUFACTURA;110101;ICA;ICA;ICA;MICRO;0;742500;NO;0;0;20241231
4E75CCB34015BC9D07204EC45E3805A1;2023;1554;"ELABORACION DE BEBIDAS NO ALCOHOLICAS; PRODUCCION DE AGUAS MINERALES";MANUFACTURA;110101;ICA;ICA;ICA;MICRO;0;742500;NO;0;0;20241231
8040C2B1EDD48EBA6397BFC2DFCB833F;2023;1551;"DESTILACION, RECTIFICACION Y MEZCLA DE BEBIDAS ALCOHOLICAS; PRODUCCION DE ALCOHOL ETILICO A PARTIR DE SUSTANCIAS FERMENTADAS";MANUFACTURA;110501;ICA;PISCO;PISCO;PEQUENA;742500;8415000;SI;0;97697;20241231
DFC69E72E9AE370371C70BE1DEFB270A;2023;1511;PRODUCCION, PROCESAMIENTO Y CONSERVACION DE CARNE Y PRODUCTOS CARNICOS;MANUFACTURA;110206;ICA;CHINCHA;GROCIO PRADO;MICRO;0;742500;NO;0;0;20241231
6244C50DE4C561F775285B5F33032167;2023;1531;ELABORACION DE PRODUCTOS DE MOLINERIA;MANUFACTURA;110101;ICA;ICA;ICA;MICRO;0;742500;NO;0;0;20241231
F44A496BD8BC5DDEB8C236A2FE4FC944;2023;1551;"DESTILACION, RECTIFICACION Y MEZCLA DE BEBIDAS ALCOHOLICAS; PRODUCCION DE ALCOHOL ETILICO A PARTIR DE SUSTANCIAS FERMENTADAS";MANUFACTURA;110112;ICA;ICA;SUBTANJALLA;MICRO;0;742500;NO;0;0;20241231
8DA6E10409E90D2A334CB752A8006743;2023;1551;"DESTILACION, RECTIFICACION Y MEZCLA DE BEBIDAS ALCOHOLICAS; PRODUCCION DE ALCOHOL ETILICO A PARTIR DE SUSTANCIAS FERMENTADAS";MANUFACTURA;110101;ICA;ICA;ICA;MICRO;0;742500;NO;0;0;20241231
7EE0AD20A52D35FC4FCA5F7A96C5E9B4;2023;1549;ELABORACION DE OTROS PRODUCTOS ALIMENTICIOS NCP;MANUFACTURA;110101;ICA;ICA;ICA;MICRO;0;742500;NO;0;0;20241231
1E2DC03BFC23C7AF0F0B972580B8B27D;2023;1554;"ELABORACION DE BEBIDAS NO ALCOHOLICAS; PRODUCCION DE AGUAS MINERALES";MANUFACTURA;110101;ICA;ICA;ICA;MICRO;0;742500;NO;0;0;20241231
27D12708BEC081E94646549B4E55EA5B;2023;1551;"DESTILACION, RECTIFICACION Y MEZCLA DE BEBIDAS ALCOHOLICAS; PRODUCCION DE ALCOHOL ETILICO A PARTIR DE SUSTANCIAS FERMENTADAS";MANUFACTURA;110210;ICA;CHINCHA;SUNAMPE;MICRO;0;742500;NO;0;0;20241231
F98E28F283F92C7139DE88607EF7AFA0;2023;1513;ELABORACION Y CONSERVACION DE FRUTAS, LEGUMBRES Y HORTALIZAS;MANUFACTURA;110101;ICA;ICA;ICA;MEDIANA;8415000;11385000;SI;1107237;2214474;20241231
26BB99213C516A71C3EE3E07844CB0E9;2023;1513;ELABORACION Y CONSERVACION DE FRUTAS, LEGUMBRES Y HORTALIZAS;MANUFACTURA;110106;ICA;ICA;PARCONA;MICRO;0;742500;NO;0;0;20241231
33080AF74F3243B38C8236F7C82CB6A9;2023;1554;"ELABORACION DE BEBIDAS NO ALCOHOLICAS; PRODUCCION DE AGUAS MINERALES";MANUFACTURA;110112;ICA;ICA;SUBTANJALLA;MICRO;0;742500;NO;0;0;20241231
3CF2FCF10B4634C290983DFE29072412;2023;1552;ELABORACION DE VINOS;MANUFACTURA;110112;ICA;ICA;SUBTANJALLA;MICRO;0;742500;NO;0;0;20241231
F84A7D9536110E20C77946EB08B1E191;2023;1551;"DESTILACION, RECTIFICACION Y MEZCLA DE BEBIDAS ALCOHOLICAS; PRODUCCION DE ALCOHOL ETILICO A PARTIR DE SUSTANCIAS FERMENTADAS";MANUFACTURA;110113;ICA;ICA;TATE;MICRO;0;742500;NO;0;0;20241231
6570B57D4A3414B343CD14BF14F2B1D3;2023;1554;"ELABORACION DE BEBIDAS NO ALCOHOLICAS; PRODUCCION DE AGUAS MINERALES";MANUFACTURA;110507;ICA;PISCO;SAN CLEMENTE;MICRO;0;742500;NO;0;0;20241231
950E894BE5135FAF2732EB9234200001;2023;1533;ELABORACION DE ALIMENTOS PREPARADOS PARA ANIMALES;MANUFACTURA;110103;ICA;ICA;LOS AQUIJES;MICRO;0;742500;NO;0;0;20241231
5784739DB3971589D0949FDD512E130E;2023;1513;ELABORACION Y CONSERVACION DE FRUTAS, LEGUMBRES Y HORTALIZAS;MANUFACTURA;110205;ICA;CHINCHA;EL CARMEN;PEQUENA;742500;8415000;NO;0;0;20241231
5D0E167A4F24BA9429957CCADEC6986F;2023;1554;"ELABORACION DE BEBIDAS NO ALCOHOLICAS; PRODUCCION DE AGUAS MINERALES";MANUFACTURA;110101;ICA;ICA;ICA;MICRO;0;742500;NO;0;0;20241231
13A48B0429CECF6CB813C7993117D78E;2023;1533;ELABORACION DE ALIMENTOS PREPARADOS PARA ANIMALES;MANUFACTURA;110207;ICA;CHINCHA;PUEBLO NUEVO;MICRO;0;742500;NO;0;0;20241231
537EB121A9DED2536D71EF01026CCEB4;2023;1551;"DESTILACION, RECTIFICACION Y MEZCLA DE BEBIDAS ALCOHOLICAS; PRODUCCION DE ALCOHOL ETILICO A PARTIR DE SUSTANCIAS FERMENTADAS";MANUFACTURA;110210;ICA;CHINCHA;SUNAMPE;MICRO;0;742500;NO;0;0;20241231
0F62ACAB365D5D387910BC39ED7A218C;2023;1513;ELABORACION Y CONSERVACION DE FRUTAS, LEGUMBRES Y HORTALIZAS;MANUFACTURA;110101;ICA;ICA;ICA;MICRO;0;742500;NO;0;0;20241231
3AFE4D935114674EB27B6972AE5E8E37;2023;1554;"ELABORACION DE BEBIDAS NO ALCOHOLICAS; PRODUCCION DE AGUAS MINERALES";MANUFACTURA;110101;ICA;ICA;ICA;MICRO;0;742500;NO;0;0;20241231
E88DBCB9B0112D2AC993F71DF2836FBA;2023;1552;ELABORACION DE VINOS;MANUFACTURA;110206;ICA;CHINCHA;GROCIO PRADO;MICRO;0;742500;NO;0;0;20241231
939ED7CFE859ABF54F2E883892A6082D;2023;1551;"DESTILACION, RECTIFICACION Y MEZCLA DE BEBIDAS ALCOHOLICAS; PRODUCCION DE ALCOHOL ETILICO A PARTIR DE SUSTANCIAS FERMENTADAS";MANUFACTURA;110105;ICA;ICA;PACHACUTEC;MICRO;0;742500;SI;0;97697;20241231
7E4EE4045644325C6A213F02F7009C67;2023;1511;PRODUCCION, PROCESAMIENTO Y CONSERVACION DE CARNE Y PRODUCTOS CARNICOS;MANUFACTURA;110304;ICA;NAZCA;MARCONA;MICRO;0;742500;NO;0;0;20241231
826ADC6056BF1D9C49FE363816CA6054;2023;1549;ELABORACION DE OTROS PRODUCTOS ALIMENTICIOS NCP;MANUFACTURA;110101;ICA;ICA;ICA;MICRO;0;742500;NO;0;0;20241231
5D9D5071584E75AC6053D555C4808E0B;2023;1554;"ELABORACION DE BEBIDAS NO ALCOHOLICAS; PRODUCCION DE AGUAS MINERALES";MANUFACTURA;110301;ICA;NAZCA;NAZCA;MICRO;0;742500;NO;0;0;20241231
088BDA526DF1937F589B4EB6CCE5829F;2023;1513;ELABORACION Y CONSERVACION DE FRUTAS, LEGUMBRES Y HORTALIZAS;MANUFACTURA;110103;ICA;ICA;LOS AQUIJES;MICRO;0;742500;NO;0;0;20241231
D994C92D42D96B8A9F93C287952F018E;2023;1554;"ELABORACION DE BEBIDAS NO ALCOHOLICAS; PRODUCCION DE AGUAS MINERALES";MANUFACTURA;110101;ICA;ICA;ICA;MICRO;0;742500;NO;0;0;20241231
3DFC0C93A8422548C514DCFE26473044;2023;1552;ELABORACION DE VINOS;MANUFACTURA;110206;ICA;CHINCHA;GROCIO PRADO;MICRO;0;742500;NO;0;0;20241231
14DB6F69955760BA8285143CB56B9CB6;2023;1554;"ELABORACION DE BEBIDAS NO ALCOHOLICAS; PRODUCCION DE AGUAS MINERALES";MANUFACTURA;110112;ICA;ICA;SUBTANJALLA;MICRO;0;742500;NO;0;0;20241231
2F32A6039E49E8A94E03D148A17CE604;2023;1554;"ELABORACION DE BEBIDAS NO ALCOHOLICAS; PRODUCCION DE AGUAS MINERALES";MANUFACTURA;110105;ICA;ICA;PACHACUTEC;MICRO;0;742500;NO;0;0;20241231
7A4A1CCECAEF3BCDF5914CEE01DCECB5;2023;1531;ELABORACION DE PRODUCTOS DE MOLINERIA;MANUFACTURA;110201;ICA;CHINCHA;CHINCHA ALTA;MICRO;0;742500;NO;0;0;20241231
B67E88FED1BEF7CB0E76B260492AC344;2023;1552;ELABORACION DE VINOS;MANUFACTURA;110210;ICA;CHINCHA;SUNAMPE;MICRO;0;742500;NO;0;0;20241231
10116045AB67D998E93980241AA55F67;2023;1513;ELABORACION Y CONSERVACION DE FRUTAS, LEGUMBRES Y HORTALIZAS;MANUFACTURA;110101;ICA;ICA;ICA;MICRO;0;742500;NO;0;0;20241231
5F7840D4CFC8020E5F3A8944778ED1C9;2023;1554;"ELABORACION DE BEBIDAS NO ALCOHOLICAS; PRODUCCION DE AGUAS MINERALES";MANUFACTURA;110101;ICA;ICA;ICA;MICRO;0;742500;NO;0;0;20241231
2A476D8C3A3C3D32F260114BB5D114E4;2023;1549;ELABORACION DE OTROS PRODUCTOS ALIMENTICIOS NCP;MANUFACTURA;110101;ICA;ICA;ICA;MICRO;0;742500;NO;0;0;20241231
D097E6CBC020C6F49659AE2188E60F41;2023;1554;"ELABORACION DE BEBIDAS NO ALCOHOLICAS; PRODUCCION DE AGUAS MINERALES";MANUFACTURA;110201;ICA;CHINCHA;CHINCHA ALTA;MICRO;0;742500;NO;0;0;20241231
A5301633AFE650FD41643D9E9E69AD81;2023;1554;"ELABORACION DE BEBIDAS NO ALCOHOLICAS; PRODUCCION DE AGUAS MINERALES";MANUFACTURA;110103;ICA;ICA;LOS AQUIJES;MICRO;0;742500;NO;0;0;20241231
D2EA8A02FD000E089B281FE57F6315F1;2023;1513;ELABORACION Y CONSERVACION DE FRUTAS, LEGUMBRES Y HORTALIZAS;MANUFACTURA;110501;ICA;PISCO;PISCO;MICRO;0;742500;NO;0;0;20241231
B83917E6386DBDDF64D6E2601E88498F;2023;1554;"ELABORACION DE BEBIDAS NO ALCOHOLICAS; PRODUCCION DE AGUAS MINERALES";MANUFACTURA;110301;ICA;NAZCA;NAZCA;MICRO;0;742500;NO;0;0;20241231
65CD177C72585E13FBAA9E6959F2C4D3;2023;1533;ELABORACION DE ALIMENTOS PREPARADOS PARA ANIMALES;MANUFACTURA;110301;ICA;NAZCA;NAZCA;MICRO;0;742500;NO;0;0;20241231
BFB06F7997EB8D4C733CD88DDD18F41C;2023;1554;"ELABORACION DE BEBIDAS NO ALCOHOLICAS; PRODUCCION DE AGUAS MINERALES";MANUFACTURA;110112;ICA;ICA;SUBTANJALLA;MICRO;0;742500;NO;0;0;20241231
E4460EB315A9CC1B1BBA385907295A64;2023;1554;"ELABORACION DE BEBIDAS NO ALCOHOLICAS; PRODUCCION DE AGUAS MINERALES";MANUFACTURA;110101;ICA;ICA;ICA;MICRO;0;742500;NO;0;0;20241231
CAFCE84D761C1E656940DDF16D52C254;2023;1514;ELABORACION DE ACEITES Y GRASAS DE ORIGEN VEGETAL Y ANIMAL;MANUFACTURA;110204;ICA;CHINCHA;CHINCHA BAJA;MICRO;0;742500;NO;0;0;20241231
E766A39960284F56E187C5E7922EAC4B;2023;1551;"DESTILACION, RECTIFICACION Y MEZCLA DE BEBIDAS ALCOHOLICAS; PRODUCCION DE ALCOHOL ETILICO A PARTIR DE SUSTANCIAS FERMENTADAS";MANUFACTURA;110104;ICA;ICA;OCUCAJE;PEQUENA;742500;8415000;NO;0;0;20241231
03D8F89077D555D1B1133E158A68ED71;2023;1554;"ELABORACION DE BEBIDAS NO ALCOHOLICAS; PRODUCCION DE AGUAS MINERALES";MANUFACTURA;110101;ICA;ICA;ICA;MICRO;0;742500;NO;0;0;20241231
B3C7DFDCE0874F4253A3E85C4A0FA000;2023;1513;ELABORACION Y CONSERVACION DE FRUTAS, LEGUMBRES Y HORTALIZAS;MANUFACTURA;110112;ICA;ICA;SUBTANJALLA;GRAN EMPRESA;11385000;61875000;SI;2605263;2996053;20241231
1C42332473A8F06CB072B8C56B89D5BC;2023;1554;"ELABORACION DE BEBIDAS NO ALCOHOLICAS; PRODUCCION DE AGUAS MINERALES";MANUFACTURA;110101;ICA;ICA;ICA;MICRO;0;742500;NO;0;0;20241231
F582C90003B6216C8CC77947341FD5AF;2023;1551;"DESTILACION, RECTIFICACION Y MEZCLA DE BEBIDAS ALCOHOLICAS; PRODUCCION DE ALCOHOL ETILICO A PARTIR DE SUSTANCIAS FERMENTADAS";MANUFACTURA;110101;ICA;ICA;ICA;MICRO;0;742500;NO;0;0;20241231
B7D310FE45BD25D24BC99E18EA0B8375;2023;1554;"ELABORACION DE BEBIDAS NO ALCOHOLICAS; PRODUCCION DE AGUAS MINERALES";MANUFACTURA;110106;ICA;ICA;PARCONA;MICRO;0;742500;NO;0;0;20241231
3A1D22545B0A4B28182731C98E745ABA;2023;1554;"ELABORACION DE BEBIDAS NO ALCOHOLICAS; PRODUCCION DE AGUAS MINERALES";MANUFACTURA;110305;ICA;NAZCA;VISTA ALEGRE;MICRO;0;742500;NO;0;0;20241231
90BC7B818E71CA57D5A6512161AA8A0B;2023;1554;"ELABORACION DE BEBIDAS NO ALCOHOLICAS; PRODUCCION DE AGUAS MINERALES";MANUFACTURA;110106;ICA;ICA;PARCONA;MICRO;0;742500;NO;0;0;20241231
DFF09C91773A80503594A304E8E53A40;2023;1520;ELABORACION DE PRODUCTOS LACTEOS;MANUFACTURA;110101;ICA;ICA;ICA;MICRO;0;742500;NO;0;0;20241231
F21DD6BEB1A61B367B92276F3CF2B93D;2023;1549;ELABORACION DE OTROS PRODUCTOS ALIMENTICIOS NCP;MANUFACTURA;110106;ICA;ICA;PARCONA;MICRO;0;742500;NO;0;0;20241231
117B43D0266E4303A7546873F1EB5BF1;2023;1554;"ELABORACION DE BEBIDAS NO ALCOHOLICAS; PRODUCCION DE AGUAS MINERALES";MANUFACTURA;110304;ICA;NAZCA;MARCONA;MICRO;0;742500;NO;0;0;20241231
AFCB5ADC5F8C6C4BD7C6C44AA8FB17FD;2023;1554;"ELABORACION DE BEBIDAS NO ALCOHOLICAS; PRODUCCION DE AGUAS MINERALES";MANUFACTURA;110210;ICA;CHINCHA;SUNAMPE;MICRO;0;742500;NO;0;0;20241231
3F637ABB7CC2C1503597655D1380B156;2023;1554;"ELABORACION DE BEBIDAS NO ALCOHOLICAS; PRODUCCION DE AGUAS MINERALES";MANUFACTURA;110301;ICA;NAZCA;NAZCA;MICRO;0;742500;NO;0;0;20241231
8E71F5C200EF49FCFCE58757564C34E5;2023;1549;ELABORACION DE OTROS PRODUCTOS ALIMENTICIOS NCP;MANUFACTURA;110207;ICA;CHINCHA;PUEBLO NUEVO;MICRO;0;742500;NO;0;0;20241231
F0096610A080907864C804330601BBF0;2023;1513;ELABORACION Y CONSERVACION DE FRUTAS, LEGUMBRES Y HORTALIZAS;MANUFACTURA;110205;ICA;CHINCHA;EL CARMEN;GRAN EMPRESA;11385000;61875000;NO;0;0;20241231
8D12BE42FCA1BD528917F884568260FA;2023;1552;ELABORACION DE VINOS;MANUFACTURA;110210;ICA;CHINCHA;SUNAMPE;MICRO;0;742500;NO;0;0;20241231
F0727587A451A04150AC1A582FF6FAE0;2023;1549;ELABORACION DE OTROS PRODUCTOS ALIMENTICIOS NCP;MANUFACTURA;110112;ICA;ICA;SUBTANJALLA;MICRO;0;742500;NO;0;0;20241231
2002F4360E53BF49C909CF53244E5B97;2023;1554;"ELABORACION DE BEBIDAS NO ALCOHOLICAS; PRODUCCION DE AGUAS MINERALES";MANUFACTURA;110101;ICA;ICA;ICA;MICRO;0;742500;NO;0;0;20241231
B7BB263185C60B31E1E87364D2B0B8D9;2023;1554;"ELABORACION DE BEBIDAS NO ALCOHOLICAS; PRODUCCION DE AGUAS MINERALES";MANUFACTURA;110101;ICA;ICA;ICA;MICRO;0;742500;NO;0;0;20241231
B9B7A681D15178D90022D722C84D0610;2023;1553;ELABORACION DE BEBIDAS MALTEADAS Y DE MALTA;MANUFACTURA;110205;ICA;CHINCHA;EL CARMEN;MICRO;0;742500;NO;0;0;20241231
290870A39761519DA4A4E2E20DC82959;2023;1533;ELABORACION DE ALIMENTOS PREPARADOS PARA ANIMALES;MANUFACTURA;110201;ICA;CHINCHA;CHINCHA ALTA;MICRO;0;742500;NO;0;0;20241231
A08D0BE33CC9C928E1BA6B2340CF65A4;2023;1551;"DESTILACION, RECTIFICACION Y MEZCLA DE BEBIDAS ALCOHOLICAS; PRODUCCION DE ALCOHOL ETILICO A PARTIR DE SUSTANCIAS FERMENTADAS";MANUFACTURA;110105;ICA;ICA;PACHACUTEC;MICRO;0;742500;NO;0;0;20241231
B147B14CD102D4B7ED6C97F5F62AE665;2023;1551;"DESTILACION, RECTIFICACION Y MEZCLA DE BEBIDAS ALCOHOLICAS; PRODUCCION DE ALCOHOL ETILICO A PARTIR DE SUSTANCIAS FERMENTADAS";MANUFACTURA;110102;ICA;ICA;LA TINGUInA;MICRO;0;742500;NO;0;0;20241231
E1778CE18F499B0C45EC268B6EABD767;2023;1551;"DESTILACION, RECTIFICACION Y MEZCLA DE BEBIDAS ALCOHOLICAS; PRODUCCION DE ALCOHOL ETILICO A PARTIR DE SUSTANCIAS FERMENTADAS";MANUFACTURA;110108;ICA;ICA;SALAS;MICRO;0;742500;NO;0;0;20241231
4762BAFCD709DB7C7D9345352477317C;2023;1554;"ELABORACION DE BEBIDAS NO ALCOHOLICAS; PRODUCCION DE AGUAS MINERALES";MANUFACTURA;110101;ICA;ICA;ICA;MICRO;0;742500;NO;0;0;20241231
EC5DB4187516FE08543D097EF8827FA4;2023;1554;"ELABORACION DE BEBIDAS NO ALCOHOLICAS; PRODUCCION DE AGUAS MINERALES";MANUFACTURA;110101;ICA;ICA;ICA;MICRO;0;742500;NO;0;0;20241231
9B5CCD4281E155A944ABDF0838B580D0;2023;1554;"ELABORACION DE BEBIDAS NO ALCOHOLICAS; PRODUCCION DE AGUAS MINERALES";MANUFACTURA;110112;ICA;ICA;SUBTANJALLA;MICRO;0;742500;NO;0;0;20241231
A7CC2B60DF2E77A74A5216A4514F54C1;2023;1531;ELABORACION DE PRODUCTOS DE MOLINERIA;MANUFACTURA;110206;ICA;CHINCHA;GROCIO PRADO;MICRO;0;742500;NO;0;0;20241231
63278F5A918F4A84C6CAEFAEF1423283;2023;1554;"ELABORACION DE BEBIDAS NO ALCOHOLICAS; PRODUCCION DE AGUAS MINERALES";MANUFACTURA;110301;ICA;NAZCA;NAZCA;MICRO;0;742500;NO;0;0;20241231
842C207C01975CD1A901A69256CE2613;2023;1551;"DESTILACION, RECTIFICACION Y MEZCLA DE BEBIDAS ALCOHOLICAS; PRODUCCION DE ALCOHOL ETILICO A PARTIR DE SUSTANCIAS FERMENTADAS";MANUFACTURA;110210;ICA;CHINCHA;SUNAMPE;MICRO;0;742500;NO;0;0;20241231
0F7DEFB351C77F95467551AB6678ACF7;2023;1549;ELABORACION DE OTROS PRODUCTOS ALIMENTICIOS NCP;MANUFACTURA;110112;ICA;ICA;SUBTANJALLA;MICRO;0;742500;NO;0;0;20241231
147EB2993DD50F7E7AE260CF6139F658;2023;1551;"DESTILACION, RECTIFICACION Y MEZCLA DE BEBIDAS ALCOHOLICAS; PRODUCCION DE ALCOHOL ETILICO A PARTIR DE SUSTANCIAS FERMENTADAS";MANUFACTURA;110101;ICA;ICA;ICA;MICRO;0;742500;NO;0;0;20241231
07692C8A3BEEF7F18547B157475651A1;2023;1552;ELABORACION DE VINOS;MANUFACTURA;110206;ICA;CHINCHA;GROCIO PRADO;MICRO;0;742500;NO;0;0;20241231
3323B8F8E2C343F3D34A9B809F66F846;2023;1554;"ELABORACION DE BEBIDAS NO ALCOHOLICAS; PRODUCCION DE AGUAS MINERALES";MANUFACTURA;110108;ICA;ICA;SALAS;MICRO;0;742500;NO;0;0;20241231
89370B3BCA292E40D5D0554080C04130;2023;1551;"DESTILACION, RECTIFICACION Y MEZCLA DE BEBIDAS ALCOHOLICAS; PRODUCCION DE ALCOHOL ETILICO A PARTIR DE SUSTANCIAS FERMENTADAS";MANUFACTURA;110103;ICA;ICA;LOS AQUIJES;MICRO;0;742500;NO;0;0;20241231
9100B766C153AC356DD5926C48C5B3C5;2023;1531;ELABORACION DE PRODUCTOS DE MOLINERIA;MANUFACTURA;110504;ICA;PISCO;INDEPENDENCIA;MICRO;0;742500;NO;0;0;20241231
B80D3815F1701A3C35C6DC00CDB71307;2023;1533;ELABORACION DE ALIMENTOS PREPARADOS PARA ANIMALES;MANUFACTURA;110102;ICA;ICA;LA TINGUInA;PEQUENA;742500;8415000;NO;0;0;20241231
1A7E854823B3068FE76B268EA22ED1E7;2023;1552;ELABORACION DE VINOS;MANUFACTURA;110210;ICA;CHINCHA;SUNAMPE;MICRO;0;742500;NO;0;0;20241231
132A4AAFAC566E87B33226D8B3E4BC4F;2023;1554;"ELABORACION DE BEBIDAS NO ALCOHOLICAS; PRODUCCION DE AGUAS MINERALES";MANUFACTURA;110112;ICA;ICA;SUBTANJALLA;MICRO;0;742500;NO;0;0;20241231
465C49399218F7382F62C0F72DD35875;2023;1554;"ELABORACION DE BEBIDAS NO ALCOHOLICAS; PRODUCCION DE AGUAS MINERALES";MANUFACTURA;110101;ICA;ICA;ICA;MICRO;0;742500;NO;0;0;20241231
E92989D51B2363D3F777A2F1DABB5DDF;2023;1551;"DESTILACION, RECTIFICACION Y MEZCLA DE BEBIDAS ALCOHOLICAS; PRODUCCION DE ALCOHOL ETILICO A PARTIR DE SUSTANCIAS FERMENTADAS";MANUFACTURA;110105;ICA;ICA;PACHACUTEC;MICRO;0;742500;NO;0;0;20241231
06D255DB59F5A146F7566D8E46D7F2CB;2023;1552;ELABORACION DE VINOS;MANUFACTURA;110206;ICA;CHINCHA;GROCIO PRADO;PEQUENA;742500;8415000;NO;0;0;20241231
7BEFF6783B57F9E07B3EDCEA5B52FD00;2023;1554;"ELABORACION DE BEBIDAS NO ALCOHOLICAS; PRODUCCION DE AGUAS MINERALES";MANUFACTURA;110402;ICA;PALPA;LLIPATA;MICRO;0;742500;NO;0;0;20241231
E651E5AD01690FAA9A7B149FEB9CB47C;2023;1549;ELABORACION DE OTROS PRODUCTOS ALIMENTICIOS NCP;MANUFACTURA;110501;ICA;PISCO;PISCO;MICRO;0;742500;NO;0;0;20241231
03061338DDF089B331DA6743469C80BB;2023;1549;ELABORACION DE OTROS PRODUCTOS ALIMENTICIOS NCP;MANUFACTURA;110201;ICA;CHINCHA;CHINCHA ALTA;MICRO;0;742500;NO;0;0;20241231
0709A4FD81EC242804FFB4D2882C13AE;2023;1551;"DESTILACION, RECTIFICACION Y MEZCLA DE BEBIDAS ALCOHOLICAS; PRODUCCION DE ALCOHOL ETILICO A PARTIR DE SUSTANCIAS FERMENTADAS";MANUFACTURA;110103;ICA;ICA;LOS AQUIJES;MICRO;0;742500;NO;0;0;20241231
77A87B1B06CF0DD9A3427AC5C0946578;2023;1554;"ELABORACION DE BEBIDAS NO ALCOHOLICAS; PRODUCCION DE AGUAS MINERALES";MANUFACTURA;110501;ICA;PISCO;PISCO;MICRO;0;742500;NO;0;0;20241231
EAB29C17442E2A2CA70AEC382C4792A0;2023;1554;"ELABORACION DE BEBIDAS NO ALCOHOLICAS; PRODUCCION DE AGUAS MINERALES";MANUFACTURA;110102;ICA;ICA;LA TINGUInA;MICRO;0;742500;NO;0;0;20241231
635D48B3E4220F45DEDBDF58A396FB78;2023;1552;ELABORACION DE VINOS;MANUFACTURA;110110;ICA;ICA;SAN JUAN BAUTISTA;MICRO;0;742500;NO;0;0;20241231
FD2F260262DBD938581DB38CA3EBA104;2023;1513;ELABORACION Y CONSERVACION DE FRUTAS, LEGUMBRES Y HORTALIZAS;MANUFACTURA;110112;ICA;ICA;SUBTANJALLA;GRAN EMPRESA;11385000;61875000;SI;2996053;13026316;20241231
B0382A18D0A688439F79D3D1B2CB9DE2;2023;1554;"ELABORACION DE BEBIDAS NO ALCOHOLICAS; PRODUCCION DE AGUAS MINERALES";MANUFACTURA;110101;ICA;ICA;ICA;MICRO;0;742500;NO;0;0;20241231
BA998DB6B5021530BBE3AA84026E5387;2023;1552;ELABORACION DE VINOS;MANUFACTURA;110210;ICA;CHINCHA;SUNAMPE;MICRO;0;742500;NO;0;0;20241231
4F8B7498F53E51D8771187A80336A114;2023;1551;"DESTILACION, RECTIFICACION Y MEZCLA DE BEBIDAS ALCOHOLICAS; PRODUCCION DE ALCOHOL ETILICO A PARTIR DE SUSTANCIAS FERMENTADAS";MANUFACTURA;110110;ICA;ICA;SAN JUAN BAUTISTA;MICRO;0;742500;NO;0;0;20241231
F7EA1F00D16631A5630EF48206C3BDD4;2023;1554;"ELABORACION DE BEBIDAS NO ALCOHOLICAS; PRODUCCION DE AGUAS MINERALES";MANUFACTURA;110305;ICA;NAZCA;VISTA ALEGRE;MICRO;0;742500;NO;0;0;20241231
586CB64600E0EAE61CACF36B87AF9D0F;2023;1551;"DESTILACION, RECTIFICACION Y MEZCLA DE BEBIDAS ALCOHOLICAS; PRODUCCION DE ALCOHOL ETILICO A PARTIR DE SUSTANCIAS FERMENTADAS";MANUFACTURA;110101;ICA;ICA;ICA;MICRO;0;742500;NO;0;0;20241231
C5FFF50BCFE033B05F07FAAE7F20CF7C;2023;1543;ELABORACION DE CACAO Y CHOCOLATE Y DE PRODUCTOS DE CONFITERIA;MANUFACTURA;110101;ICA;ICA;ICA;MICRO;0;742500;NO;0;0;20241231
9067CB4D22D57A1CF5B5D1528D1EFEBF;2023;1551;"DESTILACION, RECTIFICACION Y MEZCLA DE BEBIDAS ALCOHOLICAS; PRODUCCION DE ALCOHOL ETILICO A PARTIR DE SUSTANCIAS FERMENTADAS";MANUFACTURA;110101;ICA;ICA;ICA;MICRO;0;742500;NO;0;0;20241231
943D1B2E8D0AC5F597BD52CD5DD9A1C9;2023;1554;"ELABORACION DE BEBIDAS NO ALCOHOLICAS; PRODUCCION DE AGUAS MINERALES";MANUFACTURA;110506;ICA;PISCO;SAN ANDRES;MICRO;0;742500;NO;0;0;20241231
4A98C87DF1AE1DFCC31AD6A961420456;2023;1513;ELABORACION Y CONSERVACION DE FRUTAS, LEGUMBRES Y HORTALIZAS;MANUFACTURA;110101;ICA;ICA;ICA;GRAN EMPRESA;11385000;61875000;NO;0;0;20241231
6A58B240394D52FD94A262DF1737065D;2023;1531;ELABORACION DE PRODUCTOS DE MOLINERIA;MANUFACTURA;110201;ICA;CHINCHA;CHINCHA ALTA;MICRO;0;742500;NO;0;0;20241231
97326BFA05221AC603B0254358DD5CF9;2023;1554;"ELABORACION DE BEBIDAS NO ALCOHOLICAS; PRODUCCION DE AGUAS MINERALES";MANUFACTURA;110211;ICA;CHINCHA;TAMBO DE MORA;MICRO;0;742500;NO;0;0;20241231
0C94C4A51BD1934C48F29BE00DB7C200;2023;1554;"ELABORACION DE BEBIDAS NO ALCOHOLICAS; PRODUCCION DE AGUAS MINERALES";MANUFACTURA;110101;ICA;ICA;ICA;MICRO;0;742500;NO;0;0;20241231
8D93C8E65B2CE8DFB5D86ED5E50BEA44;2023;1554;"ELABORACION DE BEBIDAS NO ALCOHOLICAS; PRODUCCION DE AGUAS MINERALES";MANUFACTURA;110102;ICA;ICA;LA TINGUInA;MICRO;0;742500;NO;0;0;20241231
791B1489D6ED16031A92F0474A59D1CF;2023;1513;ELABORACION Y CONSERVACION DE FRUTAS, LEGUMBRES Y HORTALIZAS;MANUFACTURA;110202;ICA;CHINCHA;ALTO LARAN;MICRO;0;742500;NO;0;0;20241231
9E626906535152A599736F59369233FD;2023;1531;ELABORACION DE PRODUCTOS DE MOLINERIA;MANUFACTURA;110506;ICA;PISCO;SAN ANDRES;MICRO;0;742500;NO;0;0;20241231
00A4A767F2BA8D0BDB9C8213B7058A8E;2023;1533;ELABORACION DE ALIMENTOS PREPARADOS PARA ANIMALES;MANUFACTURA;110201;ICA;CHINCHA;CHINCHA ALTA;MICRO;0;742500;NO;0;0;20241231
248278AF43FC0B26153F25D1D07B72EC;2023;1552;ELABORACION DE VINOS;MANUFACTURA;110210;ICA;CHINCHA;SUNAMPE;MICRO;0;742500;NO;0;0;20241231
42D478F52CED07F147A3D0667DA87323;2023;1554;"ELABORACION DE BEBIDAS NO ALCOHOLICAS; PRODUCCION DE AGUAS MINERALES";MANUFACTURA;110101;ICA;ICA;ICA;MICRO;0;742500;NO;0;0;20241231
8257A27FA302A4C285BC8E0A47B3880C;2023;1551;"DESTILACION, RECTIFICACION Y MEZCLA DE BEBIDAS ALCOHOLICAS; PRODUCCION DE ALCOHOL ETILICO A PARTIR DE SUSTANCIAS FERMENTADAS";MANUFACTURA;110101;ICA;ICA;ICA;MICRO;0;742500;NO;0;0;20241231
5E4C195280DA6D7B9081BE4E27754634;2023;1520;ELABORACION DE PRODUCTOS LACTEOS;MANUFACTURA;110201;ICA;CHINCHA;CHINCHA ALTA;MICRO;0;742500;NO;0;0;20241231
BD7451597AB27468104B30B1D23F888E;2023;1554;"ELABORACION DE BEBIDAS NO ALCOHOLICAS; PRODUCCION DE AGUAS MINERALES";MANUFACTURA;110101;ICA;ICA;ICA;MICRO;0;742500;NO;0;0;20241231
B1CD9E110F587E2CC66F24864287E258;2023;1542;ELABORACION DE AZUCAR;MANUFACTURA;110201;ICA;CHINCHA;CHINCHA ALTA;PEQUENA;742500;8415000;NO;0;0;20241231
EBDA49293658FBA997D82C0A01DF0F23;2023;1520;ELABORACION DE PRODUCTOS LACTEOS;MANUFACTURA;110201;ICA;CHINCHA;CHINCHA ALTA;MICRO;0;742500;NO;0;0;20241231
EED1A085DF604DA5DE7075143669F286;2023;1533;ELABORACION DE ALIMENTOS PREPARADOS PARA ANIMALES;MANUFACTURA;110201;ICA;CHINCHA;CHINCHA ALTA;MICRO;0;742500;NO;0;0;20241231
D012DFD65B3C113627FA842EAA0D769D;2023;1552;ELABORACION DE VINOS;MANUFACTURA;110206;ICA;CHINCHA;GROCIO PRADO;MICRO;0;742500;NO;0;0;20241231
7C9F9031AD27F05EF91AB5F89A703B3C;2023;1552;ELABORACION DE VINOS;MANUFACTURA;110301;ICA;NAZCA;NAZCA;MICRO;0;742500;NO;0;0;20241231
475A730805B758D71D5424544E7501C0;2023;1551;"DESTILACION, RECTIFICACION Y MEZCLA DE BEBIDAS ALCOHOLICAS; PRODUCCION DE ALCOHOL ETILICO A PARTIR DE SUSTANCIAS FERMENTADAS";MANUFACTURA;110101;ICA;ICA;ICA;MICRO;0;742500;NO;0;0;20241231
A734DEB174096D4E0525E3FE894EE1AC;2023;1531;ELABORACION DE PRODUCTOS DE MOLINERIA;MANUFACTURA;110112;ICA;ICA;SUBTANJALLA;MICRO;0;742500;NO;0;0;20241231
5423C0F11B19E89B6AEB0D1B8681F14A;2023;1554;"ELABORACION DE BEBIDAS NO ALCOHOLICAS; PRODUCCION DE AGUAS MINERALES";MANUFACTURA;110101;ICA;ICA;ICA;MICRO;0;742500;NO;0;0;20241231
03E2985ED5BD207F19986BB0684070F2;2023;1533;ELABORACION DE ALIMENTOS PREPARADOS PARA ANIMALES;MANUFACTURA;110305;ICA;NAZCA;VISTA ALEGRE;MICRO;0;742500;NO;0;0;20241231
22912DA9415BA6F2772B2282DC5EE45B;2023;1551;"DESTILACION, RECTIFICACION Y MEZCLA DE BEBIDAS ALCOHOLICAS; PRODUCCION DE ALCOHOL ETILICO A PARTIR DE SUSTANCIAS FERMENTADAS";MANUFACTURA;110101;ICA;ICA;ICA;MICRO;0;742500;NO;0;0;20241231
1B5BD33A8A61FA95EC68B58C16827D80;2023;1554;"ELABORACION DE BEBIDAS NO ALCOHOLICAS; PRODUCCION DE AGUAS MINERALES";MANUFACTURA;110112;ICA;ICA;SUBTANJALLA;MICRO;0;742500;NO;0;0;20241231
E2BFF67D1E047C2D582A7C23CB8D0B96;2023;1551;"DESTILACION, RECTIFICACION Y MEZCLA DE BEBIDAS ALCOHOLICAS; PRODUCCION DE ALCOHOL ETILICO A PARTIR DE SUSTANCIAS FERMENTADAS";MANUFACTURA;110301;ICA;NAZCA;NAZCA;MICRO;0;742500;NO;0;0;20241231
F4BEDB99EB57CE3EF0EE139EB690D80F;2023;1553;ELABORACION DE BEBIDAS MALTEADAS Y DE MALTA;MANUFACTURA;110501;ICA;PISCO;PISCO;MICRO;0;742500;NO;0;0;20241231
86C4C5DDDEE2E7296BBDCC41F5911960;2023;1552;ELABORACION DE VINOS;MANUFACTURA;110206;ICA;CHINCHA;GROCIO PRADO;MICRO;0;742500;NO;0;0;20241231
4C5BFF303F6DFBD20AD60D4F0B9DE573;2023;1533;ELABORACION DE ALIMENTOS PREPARADOS PARA ANIMALES;MANUFACTURA;110305;ICA;NAZCA;VISTA ALEGRE;MICRO;0;742500;NO;0;0;20241231
BDD33C25BEF6912E73B6096AF1967C4E;2023;1551;"DESTILACION, RECTIFICACION Y MEZCLA DE BEBIDAS ALCOHOLICAS; PRODUCCION DE ALCOHOL ETILICO A PARTIR DE SUSTANCIAS FERMENTADAS";MANUFACTURA;110113;ICA;ICA;TATE;MICRO;0;742500;NO;0;0;20241231
EEE73AB4B2962AE891C888571288B252;2023;1554;"ELABORACION DE BEBIDAS NO ALCOHOLICAS; PRODUCCION DE AGUAS MINERALES";MANUFACTURA;110305;ICA;NAZCA;VISTA ALEGRE;MICRO;0;742500;NO;0;0;20241231
9DD8F7E216889F58330EF920C0EE2050;2023;1513;ELABORACION Y CONSERVACION DE FRUTAS, LEGUMBRES Y HORTALIZAS;MANUFACTURA;110105;ICA;ICA;PACHACUTEC;MICRO;0;742500;NO;0;0;20241231
B02835F248905C0DD3043602F43B1752;2023;1554;"ELABORACION DE BEBIDAS NO ALCOHOLICAS; PRODUCCION DE AGUAS MINERALES";MANUFACTURA;110303;ICA;NAZCA;EL INGENIO;MICRO;0;742500;NO;0;0;20241231
0ACA06B9336FD637069EEBB67BBBF3CF;2023;1551;"DESTILACION, RECTIFICACION Y MEZCLA DE BEBIDAS ALCOHOLICAS; PRODUCCION DE ALCOHOL ETILICO A PARTIR DE SUSTANCIAS FERMENTADAS";MANUFACTURA;110101;ICA;ICA;ICA;MICRO;0;742500;NO;0;0;20241231
FB557012438E63296D42689E81592888;2023;1552;ELABORACION DE VINOS;MANUFACTURA;110201;ICA;CHINCHA;CHINCHA ALTA;MICRO;0;742500;NO;0;0;20241231
D43DBC51F703C6B45B1B9742A499F24D;2023;1549;ELABORACION DE OTROS PRODUCTOS ALIMENTICIOS NCP;MANUFACTURA;110501;ICA;PISCO;PISCO;MICRO;0;742500;NO;0;0;20241231
AFD696D3108B90B3D724ACB82E87BC62;2023;1551;"DESTILACION, RECTIFICACION Y MEZCLA DE BEBIDAS ALCOHOLICAS; PRODUCCION DE ALCOHOL ETILICO A PARTIR DE SUSTANCIAS FERMENTADAS";MANUFACTURA;110101;ICA;ICA;ICA;MICRO;0;742500;NO;0;0;20241231
8D82FA3E67C63BD32D5DF86FC426E6DF;2023;1513;ELABORACION Y CONSERVACION DE FRUTAS, LEGUMBRES Y HORTALIZAS;MANUFACTURA;110202;ICA;CHINCHA;ALTO LARAN;MICRO;0;742500;NO;0;0;20241231
64EE86E70A58E9585429D2DE5C4315D3;2023;1552;ELABORACION DE VINOS;MANUFACTURA;110101;ICA;ICA;ICA;MICRO;0;742500;NO;0;0;20241231
DF94AD4DE98DB1FC3C5346D7055E98C1;2023;1513;ELABORACION Y CONSERVACION DE FRUTAS, LEGUMBRES Y HORTALIZAS;MANUFACTURA;110101;ICA;ICA;ICA;MICRO;0;742500;NO;0;0;20241231
3D19B3773F9F519FDD5EE6A71092BE57;2023;1554;"ELABORACION DE BEBIDAS NO ALCOHOLICAS; PRODUCCION DE AGUAS MINERALES";MANUFACTURA;110304;ICA;NAZCA;MARCONA;MICRO;0;742500;NO;0;0;20241231
F424716778F127AF57386A6CD28AB887;2023;1513;ELABORACION Y CONSERVACION DE FRUTAS, LEGUMBRES Y HORTALIZAS;MANUFACTURA;110101;ICA;ICA;ICA;MICRO;0;742500;NO;0;0;20241231
62ED484F072F342A28603B3E31A7E3D7;2023;1513;ELABORACION Y CONSERVACION DE FRUTAS, LEGUMBRES Y HORTALIZAS;MANUFACTURA;110101;ICA;ICA;ICA;MICRO;0;742500;NO;0;0;20241231
4D78B95436864DEF013AA0D2DA3C70B6;2023;1551;"DESTILACION, RECTIFICACION Y MEZCLA DE BEBIDAS ALCOHOLICAS; PRODUCCION DE ALCOHOL ETILICO A PARTIR DE SUSTANCIAS FERMENTADAS";MANUFACTURA;110101;ICA;ICA;ICA;MICRO;0;742500;NO;0;0;20241231
482AE8D8D9C78406007791C4C5DC13C4;2023;1554;"ELABORACION DE BEBIDAS NO ALCOHOLICAS; PRODUCCION DE AGUAS MINERALES";MANUFACTURA;110101;ICA;ICA;ICA;MICRO;0;742500;NO;0;0;20241231
9E32C4E2F7D48F2A13DC5BC4B97B5A9D;2023;1554;"ELABORACION DE BEBIDAS NO ALCOHOLICAS; PRODUCCION DE AGUAS MINERALES";MANUFACTURA;110112;ICA;ICA;SUBTANJALLA;MICRO;0;742500;NO;0;0;20241231
22951DD2729BA137442380CA880CEA2C;2023;1531;ELABORACION DE PRODUCTOS DE MOLINERIA;MANUFACTURA;110207;ICA;CHINCHA;PUEBLO NUEVO;MICRO;0;742500;NO;0;0;20241231
7DC1FFDAD1B46316617A1BD17BA47DFC;2023;1551;"DESTILACION, RECTIFICACION Y MEZCLA DE BEBIDAS ALCOHOLICAS; PRODUCCION DE ALCOHOL ETILICO A PARTIR DE SUSTANCIAS FERMENTADAS";MANUFACTURA;110205;ICA;CHINCHA;EL CARMEN;MICRO;0;742500;NO;0;0;20241231
E98B9160634B8DE4DEA4B9AEC22742BF;2023;1531;ELABORACION DE PRODUCTOS DE MOLINERIA;MANUFACTURA;110201;ICA;CHINCHA;CHINCHA ALTA;MICRO;0;742500;NO;0;0;20241231
82E0B88171B1DF794869090144F73DEB;2023;1552;ELABORACION DE VINOS;MANUFACTURA;110101;ICA;ICA;ICA;MICRO;0;742500;NO;0;0;20241231
B274A094D3EE8DED7A636AEB184894AD;2023;1513;ELABORACION Y CONSERVACION DE FRUTAS, LEGUMBRES Y HORTALIZAS;MANUFACTURA;110102;ICA;ICA;LA TINGUInA;MICRO;0;742500;NO;0;0;20241231
A5774DADC31940A501C0FF4503AAF0B9;2023;1551;"DESTILACION, RECTIFICACION Y MEZCLA DE BEBIDAS ALCOHOLICAS; PRODUCCION DE ALCOHOL ETILICO A PARTIR DE SUSTANCIAS FERMENTADAS";MANUFACTURA;110210;ICA;CHINCHA;SUNAMPE;MICRO;0;742500;NO;0;0;20241231
8736547D2B1D018EDFFC181CD632F65D;2023;1513;ELABORACION Y CONSERVACION DE FRUTAS, LEGUMBRES Y HORTALIZAS;MANUFACTURA;110101;ICA;ICA;ICA;MICRO;0;742500;SI;0;97697;20241231
187A4029972A3862D8475A2F831AA0DD;2023;1513;ELABORACION Y CONSERVACION DE FRUTAS, LEGUMBRES Y HORTALIZAS;MANUFACTURA;110101;ICA;ICA;ICA;MICRO;0;742500;NO;0;0;20241231
725A410B7838260A5C30403A297AC200;2023;1551;"DESTILACION, RECTIFICACION Y MEZCLA DE BEBIDAS ALCOHOLICAS; PRODUCCION DE ALCOHOL ETILICO A PARTIR DE SUSTANCIAS FERMENTADAS";MANUFACTURA;110110;ICA;ICA;SAN JUAN BAUTISTA;MICRO;0;742500;NO;0;0;20241231
5A39A851EBB58DA3A93C494D0CFB8FB4;2023;1549;ELABORACION DE OTROS PRODUCTOS ALIMENTICIOS NCP;MANUFACTURA;110101;ICA;ICA;ICA;MICRO;0;742500;NO;0;0;20241231
97E3425C0D0FC2A92E0173DA067986C2;2023;1551;"DESTILACION, RECTIFICACION Y MEZCLA DE BEBIDAS ALCOHOLICAS; PRODUCCION DE ALCOHOL ETILICO A PARTIR DE SUSTANCIAS FERMENTADAS";MANUFACTURA;110107;ICA;ICA;PUEBLO NUEVO;MICRO;0;742500;NO;0;0;20241231
553A61D8A7033943105B608C9023D63E;2023;1549;ELABORACION DE OTROS PRODUCTOS ALIMENTICIOS NCP;MANUFACTURA;110106;ICA;ICA;PARCONA;MICRO;0;742500;NO;0;0;20241231
5AB2530A3D7B7DE05C52DCFF7A0E0CCE;2023;1549;ELABORACION DE OTROS PRODUCTOS ALIMENTICIOS NCP;MANUFACTURA;110104;ICA;ICA;OCUCAJE;MICRO;0;742500;NO;0;0;20241231
1338EB1F24552666806491F8B521E048;2023;1553;ELABORACION DE BEBIDAS MALTEADAS Y DE MALTA;MANUFACTURA;110101;ICA;ICA;ICA;MICRO;0;742500;NO;0;0;20241231
A17E95F3F731A4EEC43311979ED6EA32;2023;1513;ELABORACION Y CONSERVACION DE FRUTAS, LEGUMBRES Y HORTALIZAS;MANUFACTURA;110101;ICA;ICA;ICA;MICRO;0;742500;SI;0;97697;20241231
E00F3F4651E481DD93D8C75787824B81;2023;1549;ELABORACION DE OTROS PRODUCTOS ALIMENTICIOS NCP;MANUFACTURA;110101;ICA;ICA;ICA;MICRO;0;742500;NO;0;0;20241231
